Date,Close/Last,Volume,Open,High,Low
11/01/2024,524.94,6106942,525.16,529.08,524.5401
10/31/2024,522.67,7972774,529.09,529.23,522.51
10/30/2024,533.16,3067015,534.35,536.20,532.59
10/29/2024,534.77,3027611,533.12,535.82,531.75
10/28/2024,533.92,3407971,535.53,535.57,533.6708
10/25/2024,532.26,4327190,534.65,537.2601,531.414
10/24/2024,532.47,4477762,533.17,533.18,530.04
10/23/2024,531.27,5227754,534.28,534.72,528.02
10/22/2024,536.16,3366595,534.11,537.28,533.47
10/21/2024,536.53,3671431,536.72,537.61,533.71
10/18/2024,537.36,5070412,536.90,538.10,535.56
10/17/2024,535.30,3225297,538.62,538.76,535.15
10/16/2024,535.22,3237216,532.93,535.73,532.215
10/15/2024,532.98,4811330,537.38,537.61,531.82
10/14/2024,537.07,2638929,534.25,537.98,533.97
10/11/2024,532.71,5429168,529.50,533.43,529.39
10/10/2024,529.56,3637633,529.27,530.90,528.09
10/09/2024,530.45,2941785,526.87,531.03,526.31
10/08/2024,526.85,2626667,524.32,527.38,523.50
10/07/2024,521.91,3970505,525.14,525.7201,520.81
10/04/2024,526.65,5358175,526.16,527.02,522.30
10/03/2024,521.84,4007952,521.56,523.755,519.82
10/02/2024,522.83,3270583,521.85,523.85,519.5801
10/01/2024,522.74,9198657,527.04,527.10,520.23
09/30/2024,527.67,8017349,524.32,527.955,522.19
09/27/2024,525.38,5598594,527.09,527.77,524.32
09/26/2024,527.70,5273915,529.67,529.92,525.49
09/25/2024,525.61,35418050,526.61,527.30,524.65
09/24/2024,526.68,4650608,526.01,526.84,523.38
09/23/2024,525.17,29289160,525.00,525.83,523.83
09/20/2024,523.88,5612678,523.51,524.92,521.12
09/19/2024,524.91,5558371,524.88,526.60,522.19
09/18/2024,515.91,6921278,518.18,522.73,515.47
09/17/2024,517.59,8149957,519.44,520.735,515.50
09/16/2024,517.35,4256253,516.34,517.59,514.65
09/13/2024,516.57,4416641,514.43,517.53,514.23
09/12/2024,513.84,4099538,510.09,514.1398,508.06
09/11/2024,509.46,4945832,504.31,510.44,496.25
09/10/2024,504.30,2975385,503.95,504.705,499.4997
09/09/2024,502.23,3656797,500.60,503.37,498.75
09/06/2024,496.64,7411439,505.34,506.94,495.80
09/05/2024,505.05,3425569,506.36,508.94,502.84
09/04/2024,506.30,3601373,505.68,509.53,505.02
09/03/2024,507.56,5866441,515.12,515.43,505.10
08/30/2024,518.04,5637725,515.42,518.58,512.12
08/29/2024,513.21,3487145,514.99,518.09,512.13
08/28/2024,513.13,3940428,515.80,516.23,510.16
08/27/2024,516.08,3031778,514.26,516.59,513.16
08/26/2024,515.39,3398640,517.64,518.29,513.875
08/23/2024,516.66,5102791,514.33,517.55,512.2521
08/22/2024,511.13,3677087,517.05,517.63,510.10
08/21/2024,515.30,3344050,514.47,516.6599,512.85
08/20/2024,513.50,3155981,513.92,515.4799,512.25
08/19/2024,514.35,3804313,509.86,514.35,509.06
08/16/2024,509.45,3449286,506.84,510.11,506.65
08/15/2024,508.38,4278953,505.09,508.59,504.4857
08/14/2024,499.80,3700503,498.92,500.85,496.478
08/13/2024,498.21,3247887,493.14,498.38,492.92
08/12/2024,490.07,3578134,490.94,492.35,487.98
08/09/2024,489.82,7661331,486.93,491.21,485.82
08/08/2024,487.73,4177234,481.49,488.27,479.64
08/07/2024,476.61,5976351,485.70,488.55,476.11
08/06/2024,479.94,8255040,477.39,486.86,475.94
08/05/2024,475.20,15244280,470.17,481.18,468.89
08/02/2024,489.91,8561166,492.41,493.52,485.80
08/01/2024,499.03,6939217,507.84,509.90,495.75
07/31/2024,505.93,5367587,504.48,508.6532,503.305
07/30/2024,498.08,3817800,502.05,503.01,494.915
07/29/2024,500.70,3096178,501.82,502.765,498.7746
07/26/2024,500.33,3635984,498.36,502.885,497.67
07/25/2024,494.78,5646601,497.55,503.14,493.92
07/24/2024,497.29,6157402,504.43,504.70,496.545
07/23/2024,508.94,3116045,509.66,511.65,508.49
07/22/2024,509.79,4342929,508.27,510.32,506.44
07/19/2024,504.55,4039437,507.64,509.20,503.56
07/18/2024,507.94,5055850,513.25,514.19,505.871
07/17/2024,511.79,4984306,513.56,515.11,511.56
07/16/2024,519.04,4164300,517.33,519.40,516.60
07/15/2024,516.11,7771524,516.58,519.12,514.34
07/12/2024,514.55,5238170,512.49,518.03,512.17
07/11/2024,511.39,5546308,516.00,516.79,510.825
07/10/2024,515.81,3446923,511.98,516.185,511.69
07/09/2024,510.89,3145823,511.21,512.01,510.54
07/08/2024,510.33,3143379,510.50,511.205,509.32
07/05/2024,509.84,3156922,507.13,510.10,506.49
07/03/2024,506.81,2131086,504.22,507.14,504.22
07/02/2024,504.53,4210083,499.69,504.61,499.61
07/01/2024,501.28,4368526,501.49,501.6799,498.60
06/28/2024,500.13,5598571,502.97,505.73,499.01
06/27/2024,503.85,3619655,503.00,504.48,502.32
06/26/2024,503.07,3202700,501.47,503.77,500.89
06/25/2024,502.51,6336724,501.71,502.83,500.32
06/24/2024,500.43,7022844,502.03,504.4395,500.43
06/21/2024,501.78,4347838,502.10,503.2157,500.85
06/20/2024,502.88,4810867,505.14,505.74,501.19
06/18/2024,504.28,3431665,503.05,504.3552,502.63
06/17/2024,502.94,4609539,498.48,504.18,497.91
06/14/2024,498.98,5812046,497.26,499.04,496.29
06/13/2024,498.58,8808879,499.30,499.45,496.06
06/12/2024,497.64,3698787,497.93,500.15,496.71
06/11/2024,493.53,4028423,490.99,493.66,489.109
06/10/2024,492.41,3465222,490.17,492.69,489.56
06/07/2024,490.80,3063587,490.55,493.53,489.54
06/06/2024,491.44,21343960,491.84,492.18,489.6401
06/05/2024,491.55,3026146,487.87,491.55,486.06
06/04/2024,485.74,2560269,484.00,486.41,482.56
06/03/2024,485.15,4211256,486.30,486.41,480.40
05/31/2024,484.62,5333971,481.24,484.91,476.475
05/30/2024,480.44,3393589,482.12,482.7504,479.20
05/29/2024,483.69,5604961,483.19,484.68,482.96
05/28/2024,487.12,4034716,487.40,487.645,484.525
05/24/2024,486.73,2555241,485.18,487.40,484.33
05/23/2024,483.44,3811307,489.91,489.99,482.29
05/22/2024,487.06,3250581,487.79,488.43,484.94
05/21/2024,488.48,2453576,486.53,488.58,486.35
05/20/2024,487.17,2599585,486.78,488.6099,486.45
05/17/2024,486.69,3274035,486.09,486.73,484.70
05/16/2024,485.97,3347381,487.05,488.57,485.83
05/15/2024,486.90,4399485,483.34,487.23,482.735
05/14/2024,481.04,3257724,478.98,481.47,478.48
05/13/2024,478.77,3108442,480.35,480.42,477.73
05/10/2024,478.74,3347159,479.69,480.39,477.59
05/09/2024,478.15,3486049,475.59,478.15,474.94
05/08/2024,475.42,3214878,473.59,475.86,473.50
05/07/2024,475.40,3451302,475.70,476.64,474.71
05/06/2024,474.72,4782542,472.22,474.81,471.82
05/03/2024,469.98,4586859,469.76,471.00,467.4401
05/02/2024,464.22,3972424,463.36,464.95,459.16
05/01/2024,459.93,6115377,460.77,467.07,459.44
04/30/2024,461.43,4364836,467.42,468.34,461.36
04/29/2024,468.84,3253205,468.84,469.42,466.21
04/26/2024,467.21,4907113,465.33,468.63,464.81
04/25/2024,462.58,4876228,458.77,463.46,457.26
04/24/2024,464.50,7687837,465.57,466.31,462.44
04/23/2024,464.84,4257400,461.18,465.13,460.67
04/22/2024,459.05,5818088,457.55,461.7299,455.35
04/19/2024,455.10,9787454,458.99,459.94,453.90
04/18/2024,458.94,5637286,461.36,463.30,458.21
04/17/2024,459.99,7156229,465.11,465.24,458.73
04/16/2024,462.78,6761419,464.05,465.51,461.59
04/15/2024,463.61,9530044,473.47,473.59,462.85
04/12/2024,469.57,6959723,472.77,474.05,467.91
04/11/2024,476.06,5109901,473.98,477.43,470.67
04/10/2024,472.65,6933388,471.91,474.39,470.67
04/09/2024,477.27,5254191,478.38,478.60,472.74
04/08/2024,476.68,4736778,477.15,478.07,475.97
04/05/2024,476.49,5588160,472.85,478.33,472.42
04/04/2024,471.48,6871190,481.20,481.48,471.27
04/03/2024,477.36,6224812,475.84,478.802,475.79
04/02/2024,476.93,4817822,476.33,476.99,474.71
04/01/2024,480.07,5733960,481.44,481.96,478.83
03/28/2024,480.70,4065018,480.87,482.1598,480.5034
03/27/2024,480.76,4951429,479.51,480.87,477.45
03/26/2024,476.60,8073502,479.06,479.37,476.43
03/25/2024,477.94,6081277,477.73,478.79,477.55
03/22/2024,479.18,5881503,479.87,480.32,478.82
03/21/2024,481.35,5044680,482.62,483.235,481.21
03/20/2024,479.75,6179356,475.54,480.02,474.93
03/19/2024,475.60,4550248,472.20,475.74,471.29
03/18/2024,472.95,3939105,473.95,475.279,472.50
03/15/2024,470.01,6807087,470.41,471.7814,468.7201
03/14/2024,473.27,5152980,475.16,475.325,470.45
03/13/2024,474.31,3544526,475.31,475.47,472.90
03/12/2024,475.03,4811036,471.92,475.55,469.57
03/11/2024,470.00,5323866,469.20,470.455,467.39
03/08/2024,470.39,6285625,473.77,476.2994,469.82
03/07/2024,473.26,7149802,471.63,474.19,470.78
03/06/2024,468.62,5325050,469.25,470.66,467.3199
03/05/2024,466.15,4616503,468.95,469.38,464.06
03/04/2024,470.87,3970242,470.61,472.60,470.60
03/01/2024,471.43,4839421,467.83,471.77,467.43
02/29/2024,466.93,7332921,466.97,468.49,464.47
02/28/2024,465.21,2800602,464.49,465.83,464.11
02/27/2024,465.93,3586943,465.71,466.12,463.91
02/26/2024,465.07,3450804,467.19,467.59,464.94
02/23/2024,466.78,4050621,468.09,468.87,466.0907
02/22/2024,466.57,4328536,463.22,467.33,462.315
02/21/2024,456.97,4223078,455.32,457.12,453.60
02/20/2024,456.51,5306784,457.44,458.06,454.43
02/16/2024,459.03,5527893,461.08,462.15,458.40
02/15/2024,461.39,5695711,458.90,461.54,458.43
02/14/2024,458.29,5624009,456.575,458.67,454.40
02/13/2024,453.97,8152242,454.48,455.70,450.995
02/12/2024,460.46,4564233,460.61,462.74,459.75
02/09/2024,460.67,4002594,458.54,461.03,458.17
02/08/2024,458.07,4184592,457.81,458.33,457.03
02/07/2024,457.76,6763415,456.15,458.18,455.27
02/06/2024,454.03,4383601,453.58,454.29,452.21
02/05/2024,452.62,7101857,453.73,454.15,450.54
02/02/2024,454.28,6253482,450.01,455.88,449.69
02/01/2024,449.66,6138360,445.35,449.66,444.6502
01/31/2024,443.82,7108043,449.04,449.465,443.75
01/30/2024,451.17,3409953,450.84,451.81,450.44
01/29/2024,451.49,4543252,448.23,451.6098,447.7112
01/26/2024,448.23,6404023,448.10,449.51,447.16
01/25/2024,448.50,4167055,448.14,448.76,446.11
01/24/2024,445.99,4568204,448.32,449.1896,445.75
01/23/2024,445.62,3251586,444.83,445.82,443.78
01/22/2024,444.30,5870412,444.77,445.92,443.68
01/19/2024,443.29,4836802,439.00,443.61,438.31
01/18/2024,437.93,4331285,435.58,438.39,434.16
01/17/2024,434.07,6044611,433.60,434.48,431.81
01/16/2024,436.50,5730839,436.79,437.98,434.74
01/12/2024,437.99,5182669,439.11,439.80,436.73
01/11/2024,437.79,4796587,438.94,439.355,434.00
01/10/2024,437.94,4278841,435.77,438.735,435.48
01/09/2024,435.07,7939567,433.62,436.43,433.1633
01/08/2024,436.13,7222362,430.45,436.27,430.37
01/05/2024,429.98,5724608,429.59,432.30,428.64
01/04/2024,429.43,3945259,430.33,432.78,429.21
01/03/2024,430.79,4805049,432.32,433.00,430.25
01/02/2024,434.01,9076041,433.91,435.27,432.36
12/29/2023,436.80,4376885,437.87,438.34,434.94
12/28/2023,437.97,4703655,438.25,438.84,437.66
12/27/2023,437.90,4271009,436.895,438.02,436.42
12/26/2023,437.10,3835837,435.666,437.92,435.58
12/22/2023,435.29,4037829,435.46,436.838,433.48
12/21/2023,434.28,4621606,433.13,434.64,430.8552
12/20/2023,430.09,5783234,435.51,437.305,429.90
12/19/2023,438.19,4061508,436.04,438.22,435.95
12/18/2023,435.54,4280475,434.64,436.40,434.45
12/15/2023,433.09,5326041,433.19,434.25,432.24
12/14/2023,433.75,8349143,434.22,435.3642,431.24
12/13/2023,432.48,8659116,426.88,432.61,426.51
12/12/2023,426.67,5982557,424.22,426.67,423.2739
12/11/2023,424.56,5247086,422.41,424.71,422.22
12/08/2023,422.92,5125278,420.37,423.37,420.15
12/07/2023,421.13,3248251,419.81,421.67,419.28
12/06/2023,417.86,4201801,421.61,421.67,417.46
12/05/2023,419.61,3419283,418.34,420.47,418.00
12/04/2023,419.74,5806079,418.65,419.87,417.50
12/01/2023,421.86,4973625,418.83,422.37,418.25
11/30/2023,419.40,4405690,418.54,419.70,416.57
11/29/2023,417.78,4092618,420.059,421.12,417.365
11/28/2023,418.05,3382442,417.25,419.25,416.71
11/27/2023,417.64,3632552,417.79,418.5273,417.23
11/24/2023,418.37,1351272,418.19,418.49,417.84
11/22/2023,418.14,3694064,418.07,419.31,417.06
11/21/2023,416.34,5248187,416.40,416.84,415.30
11/20/2023,417.43,3524412,413.99,418.20,413.9799
11/17/2023,414.31,4700139,413.94,414.79,412.87
11/16/2023,413.70,3798889,412.74,413.95,411.75
11/15/2023,413.12,4414807,413.54,414.72,412.37
11/14/2023,412.22,6973115,410.04,413.51,409.8856
11/13/2023,404.45,2872941,403.59,405.49,402.82
11/10/2023,404.86,3994439,400.59,405.109,399.14
11/09/2023,398.64,4145615,402.81,402.88,398.21
11/08/2023,401.67,3731858,401.99,402.5026,399.56
11/07/2023,401.34,3358578,400.26,402.04,399.23
11/06/2023,400.21,4007105,400.12,400.733,398.46
11/03/2023,399.44,5981435,397.92,400.85,397.84
11/02/2023,395.78,4752164,391.93,395.9096,391.92
11/01/2023,388.40,5549159,385.09,389.08,384.62
10/31/2023,384.17,4523160,382.35,384.48,380.56
10/30/2023,381.86,5795761,379.91,382.80,378.71
10/27/2023,377.32,5638752,380.53,380.89,375.945
10/26/2023,379.00,6959401,382.63,383.3971,378.15
10/25/2023,383.71,5471214,387.60,387.68,383.12
10/24/2023,389.20,4451513,388.28,390.26,386.55
10/23/2023,386.31,5537131,385.48,389.94,383.85
10/20/2023,386.99,7549614,391.38,391.82,386.84
10/19/2023,391.87,6708903,395.97,397.60,391.135
10/18/2023,395.22,7329261,398.89,399.81,394.22
10/17/2023,400.58,4214609,397.63,402.50,397.3075
10/16/2023,400.57,5150941,398.57,401.60,398.34
10/13/2023,396.42,3772219,399.81,400.96,394.96
10/12/2023,398.52,3872929,401.48,401.80,396.20
10/11/2023,400.93,4181784,400.27,401.09,397.99
10/10/2023,399.24,3289640,397.77,401.68,397.3875
10/09/2023,397.19,2959502,392.80,397.69,392.31
10/06/2023,394.56,4897219,387.69,396.085,386.4104
10/05/2023,389.91,3329091,389.89,390.7889,386.95
10/04/2023,390.24,4333740,387.73,390.85,386.40
10/03/2023,387.39,6886663,390.58,391.93,386.03
10/02/2023,392.67,5886153,391.90,393.7599,389.97
09/29/2023,392.70,5766585,396.62,396.74,391.30
09/28/2023,393.64,4065775,390.87,395.27,390.33
09/27/2023,392.85,4837698,393.84,394.39,389.45
09/26/2023,392.76,5734734,395.72,396.36,391.96
09/25/2023,398.61,3227900,395.76,398.6392,395.37
09/22/2023,396.96,7206528,398.795,400.326,396.555
09/21/2023,397.92,4633139,401.80,402.05,397.69
09/20/2023,404.55,4009415,409.46,409.84,404.33
09/19/2023,408.37,3629773,408.22,408.805,405.71
09/18/2023,409.19,3014571,408.58,410.34,408.16
09/15/2023,408.74,4004030,412.34,412.67,408.48
09/14/2023,413.90,3660901,412.67,414.51,411.42
09/13/2023,410.35,2529748,410.03,411.40,408.99
09/12/2023,409.87,7595296,410.70,412.15,409.29
09/11/2023,412.08,3346563,411.88,412.38,410.29
09/08/2023,409.39,4125223,408.82,410.84,408.49
09/07/2023,408.83,2245759,407.17,409.43,406.855
09/06/2023,410.05,3744068,412.10,412.13,407.83
09/05/2023,412.90,4426687,414.20,414.47,412.77
09/01/2023,414.71,3587971,416.46,416.88,413.21
08/31/2023,413.83,4751131,414.982,416.12,413.66
08/30/2023,414.36,3004516,413.03,415.0292,412.40
08/29/2023,412.64,3482664,406.78,412.98,406.57
08/28/2023,406.86,3236711,406.36,407.44,405.10
08/25/2023,404.20,4417835,403.08,405.80,399.71
08/24/2023,401.54,3458791,408.60,409.079,401.40
08/23/2023,406.95,3249964,403.56,407.67,403.47
08/22/2023,402.61,2648051,405.35,405.40,402.06
08/21/2023,403.74,3292434,402.14,404.39,399.99
08/18/2023,401.09,4157667,398.17,402.02,397.85
08/17/2023,400.72,7102504,405.33,405.58,400.37
08/16/2023,403.99,3353653,406.59,408.11,403.87
08/15/2023,407.00,4686119,410.09,411.7125,406.41
08/14/2023,411.72,2772912,408.56,411.74,408.31
08/11/2023,409.41,2918862,407.95,410.41,407.34
08/10/2023,409.79,4588326,411.80,415.05,408.62
08/09/2023,409.55,3145934,412.66,412.73,408.85
08/08/2023,412.29,3780086,411.76,412.74,409.125
08/07/2023,414.08,2597977,412.29,414.24,411.64
08/04/2023,410.38,5717266,414.15,416.1285,410.03
08/03/2023,412.40,3028199,411.68,414.19,411.09
08/02/2023,413.57,4979068,416.46,416.70,412.88
08/01/2023,419.38,3137275,419.26,420.08,418.55
07/31/2023,420.68,3454537,420.32,420.97,419.05
07/28/2023,419.87,2702729,418.93,420.62,418.16
07/27/2023,415.82,4149443,421.79,422.15,414.92
07/26/2023,418.66,6138837,417.62,419.89,416.58
07/25/2023,418.56,3949308,417.08,419.65,417.0674
07/24/2023,417.33,3471126,416.58,418.10,416.015
07/21/2023,415.57,3176713,417.11,417.30,415.48
07/20/2023,415.52,4084997,417.30,418.16,414.82
07/19/2023,418.25,3494916,418.07,419.37,417.49
07/18/2023,417.35,3597284,413.91,417.93,413.54
07/17/2023,414.21,2968267,412.65,415.2495,412.63
07/14/2023,412.77,3680945,413.94,414.71,412.08
07/13/2023,413.10,3273427,411.54,413.81,411.13
07/12/2023,409.76,4246359,410.19,411.13,408.79
07/11/2023,406.56,3181871,404.77,407.00,403.77
07/10/2023,403.97,3362277,402.63,404.11,402.06
07/07/2023,402.89,3673249,403.03,406.679,402.71
07/06/2023,403.83,6040271,403.78,404.35,401.56
07/05/2023,407.15,4234124,406.01,407.84,406.01
07/03/2023,408.06,2372019,406.92,408.06,406.68
06/30/2023,407.28,5173692,405.40,408.22,405.29
06/29/2023,402.51,3914849,400.60,402.67,400.19
06/28/2023,402.55,4320672,401.35,403.485,400.71
06/27/2023,402.37,4302361,398.80,402.93,398.39
06/26/2023,397.96,3250700,399.04,400.86,397.73
06/23/2023,399.61,4215307,399.33,401.28,398.93
06/22/2023,402.63,3141021,400.28,402.72,399.95
06/21/2023,401.17,3423543,402.31,403.06,400.67
06/20/2023,403.38,4246881,403.49,404.32,401.26
06/16/2023,405.25,5141885,408.69,408.76,404.89
06/15/2023,406.75,5284984,401.00,407.93,400.89
06/14/2023,401.60,5161278,401.61,403.436,398.46
06/13/2023,401.29,3913085,400.019,401.85,399.40
06/12/2023,398.66,3797245,395.98,398.685,395.30
06/09/2023,395.03,3062868,395.05,396.93,394.08
06/08/2023,394.37,3460351,391.96,394.73,391.29
06/07/2023,392.02,3942893,393.67,394.76,391.54
06/06/2023,393.31,2894663,392.05,393.79,391.41
06/05/2023,392.50,3481154,393.54,394.77,391.79
06/02/2023,393.26,7368902,390.08,393.96,389.54
06/01/2023,387.57,3563555,384.20,388.57,382.97
05/31/2023,383.89,4205348,384.31,385.16,382.42
05/30/2023,385.99,3968451,387.76,388.26,384.76
05/26/2023,385.87,3042792,381.64,386.57,381.535
05/25/2023,380.92,3315872,380.99,382.28,378.92
05/24/2023,377.63,3611592,378.91,379.25,376.57
05/23/2023,380.48,2887264,383.19,384.11,380.08
05/22/2023,384.78,2784012,384.66,386.23,383.47
05/19/2023,384.57,3649043,386.02,386.54,383.44
05/18/2023,385.18,3340620,381.26,385.57,381.00
05/17/2023,381.45,3222645,378.85,382.09,377.28
05/16/2023,376.95,2277616,378.39,379.28,376.91
05/15/2023,379.46,3882561,378.74,379.84,376.91
05/12/2023,378.15,2531015,379.85,380.01,375.835
05/11/2023,378.66,2676622,378.47,378.88,376.67
05/10/2023,379.19,3512947,380.28,380.83,375.64
05/09/2023,377.54,2271049,377.71,378.58,377.33
05/08/2023,379.18,2957618,379.41,379.62,377.88
05/05/2023,378.97,3139394,375.74,380.09,375.43
05/04/2023,372.14,4421484,373.84,374.11,370.92
05/03/2023,374.88,5513039,377.91,380.20,374.60
05/02/2023,377.51,4311590,381.06,381.11,374.67
05/01/2023,381.79,3069297,381.73,383.64,381.52
04/28/2023,382.05,3386907,378.04,382.12,378.00
04/27/2023,378.81,4302377,373.89,379.13,373.67
04/26/2023,371.44,3766896,373.66,374.68,370.98
04/25/2023,373.10,3795428,377.18,377.70,373.02
04/24/2023,379.09,2310373,378.48,379.47,377.23
04/21/2023,378.59,2762306,378.68,379.10,376.82
04/20/2023,378.37,2953173,377.78,380.07,376.94
04/19/2023,380.52,2671311,378.73,381.33,378.67
04/18/2023,380.54,3019268,381.84,381.915,379.24
04/17/2023,380.28,2721004,378.84,380.32,377.68
04/14/2023,378.99,2981653,379.27,381.33,376.72
04/13/2023,379.77,2680870,375.91,380.17,375.4448
04/12/2023,374.91,3624173,378.40,378.62,374.32
04/11/2023,376.41,3069001,376.90,377.76,375.69
04/10/2023,376.36,2671117,373.55,376.39,372.96
04/06/2023,375.95,3076223,373.67,376.185,372.72
04/05/2023,374.52,3227735,374.71,375.42,372.89
04/04/2023,375.43,2713278,378.19,378.40,374.13
04/03/2023,377.56,3525296,375.60,377.91,375.22
03/31/2023,376.07,4159844,371.78,376.34,371.65
03/30/2023,370.89,3316742,371.23,371.48,369.102
03/29/2023,368.69,3636069,367.40,368.94,366.29
03/28/2023,363.52,2413653,363.54,364.20,361.682
03/27/2023,364.16,4144795,365.725,366.43,363.40
03/24/2023,363.56,3740941,359.98,363.63,357.72
03/23/2023,362.64,4787193,364.48,368.286,360.12
03/22/2023,361.78,4094840,367.78,371.219,361.66
03/21/2023,367.88,4117629,366.42,368.41,364.88
03/20/2023,363.13,3099753,360.47,363.58,359.82
03/17/2023,359.88,5189907,362.76,363.79,358.4201
03/16/2023,363.86,5049842,355.54,364.26,354.99
03/15/2023,357.74,6610393,354.46,357.88,352.565
03/14/2023,359.96,4798811,358.88,361.51,355.63
03/13/2023,354.08,6478693,350.76,358.67,349.76
03/10/2023,354.68,8360402,359.33,361.24,353.14
03/09/2023,359.84,4409629,367.35,368.88,358.85
03/08/2023,366.55,2906258,366.11,367.2987,364.44
03/07/2023,365.98,3546141,371.63,371.89,365.385
03/06/2023,371.73,2638325,372.26,374.44,371.30
03/03/2023,371.28,4913599,367.29,371.67,366.70
03/02/2023,365.49,2730814,360.81,366.36,360.53
03/01/2023,362.78,3764724,363.34,364.51,361.45
02/28/2023,364.11,3022200,365.01,366.86,364.05
02/27/2023,365.49,3300148,367.49,368.77,364.5936
02/24/2023,364.23,4055007,363.31,365.03,361.73
02/23/2023,368.17,2867193,369.07,369.57,364.13
02/22/2023,366.33,3872004,367.18,368.60,364.84
02/21/2023,366.79,3109176,370.40,371.335,366.48
02/17/2023,374.22,3285327,373.179,374.45,371.32
02/16/2023,375.19,3077501,375.66,379.43,375.09
02/15/2023,380.48,2831621,377.15,380.53,376.33
02/14/2023,379.21,4718037,377.96,381.42,375.45
02/13/2023,379.35,2980600,375.649,379.44,375.20
02/10/2023,375.02,3256705,373.00,375.39,372.20
02/09/2023,374.11,3327715,380.97,381.00,372.9486
02/08/2023,377.34,2921503,379.69,380.93,376.73
02/07/2023,381.52,4504633,375.79,382.7468,374.62
02/06/2023,376.66,2880098,376.575,377.93,375.02
02/03/2023,378.85,6472509,378.23,383.20,377.79
02/02/2023,382.94,5207926,381.25,384.41,379.40
02/01/2023,377.53,4941692,372.44,380.16,369.76
01/31/2023,373.44,4181686,368.61,373.54,368.33
01/30/2023,368.21,3280594,370.15,372.29,367.86
01/27/2023,372.87,5549522,370.89,375.08,370.76
01/26/2023,371.81,3460934,370.46,372.06,367.61
01/25/2023,367.88,3061683,363.78,368.16,361.66
01/24/2023,367.75,2702380,366.57,368.61,365.42
01/23/2023,368.14,3243283,364.51,370.00,363.65
01/20/2023,363.71,3265062,358.45,363.91,356.88
01/19/2023,357.14,3514877,357.76,359.355,355.85
01/18/2023,359.73,3931803,366.67,367.66,359.58
01/17/2023,365.67,4942003,366.19,367.72,364.87
01/13/2023,366.23,3015160,361.6807,366.7297,361.47
01/12/2023,364.81,4743460,364.48,366.15,360.60
01/11/2023,363.45,5710532,360.41,363.51,359.66
01/10/2023,358.87,3495719,355.84,358.95,354.96
01/09/2023,356.33,3775322,358.73,361.73,356.2214
01/06/2023,356.59,3464777,351.59,357.67,348.7399
01/05/2023,348.66,3216538,350.73,350.80,348.06
01/04/2023,352.51,3119087,352.10,354.5635,349.20
01/03/2023,349.99,4957334,353.181,355.0423,347.19
12/30/2022,351.34,5325447,349.79,351.49,347.7635
12/29/2022,352.31,4086575,348.91,353.125,348.47
12/28/2022,346.17,4464644,350.42,352.20,345.90
12/27/2022,350.47,4303215,351.76,352.04,348.85
12/23/2022,351.87,4571981,348.93,351.9479,347.35
12/22/2022,349.91,6462233,351.98,352.25,344.34
12/21/2022,354.90,3832448,352.20,355.9516,351.70
12/20/2022,349.67,5068210,348.45,351.165,347.208
12/19/2022,350.81,5538489,354.13,354.34,349.25
12/16/2022,353.86,4533074,355.649,356.83,351.79
12/15/2022,358.13,5126752,362.47,363.24,356.46
12/14/2022,367.16,4707115,369.10,372.80,364.25
12/13/2022,369.39,6161825,377.11,377.19,366.801
12/12/2022,366.68,2946216,362.28,366.68,361.58
12/09/2022,361.52,4271355,363.00,365.4402,361.3403
12/08/2022,364.18,3604516,363.13,365.15,361.60
12/07/2022,361.33,3337977,361.05,363.61,360.31
12/06/2022,362.03,3911040,367.09,367.61,359.931
12/05/2022,367.34,3706993,371.28,372.19,365.99
12/02/2022,374.00,3595984,369.66,374.88,369.66
12/01/2022,374.54,4608628,375.87,377.00,372.05
11/30/2022,374.49,4748832,363.45,374.59,361.65
11/29/2022,363.31,2507770,363.93,365.18,361.48
11/28/2022,363.95,3557001,366.86,368.38,363.15
11/25/2022,369.80,1423444,369.39,370.34,369.06
11/23/2022,369.84,2590859,367.21,370.3599,367.0225
11/22/2022,367.54,2315964,364.51,367.68,363.21
11/21/2022,362.71,2397875,362.77,363.7386,360.87
11/18/2022,363.99,2574370,365.46,365.59,361.23
11/17/2022,362.39,3284424,358.80,362.99,358.565
11/16/2022,363.44,2755123,364.70,365.52,362.85
11/15/2022,366.22,4597800,368.65,369.742,362.59
11/14/2022,363.22,5274312,364.57,367.79,362.89
11/11/2022,366.16,4877385,363.69,367.02,361.74
11/10/2022,362.69,4603632,356.52,363.01,354.41
11/09/2022,343.87,3570793,349.08,350.22,343.3581
11/08/2022,351.04,3237196,350.21,353.87,347.08
11/07/2022,349.14,3316597,347.06,349.71,345.10
11/04/2022,345.82,3655444,346.41,348.02,340.00
11/03/2022,340.83,4534774,341.34,343.81,338.90
11/02/2022,344.50,5022535,352.78,357.125,344.41
11/01/2022,353.52,8014279,358.53,358.765,352.29
10/31/2022,354.95,6430961,355.16,356.92,354.05
10/28/2022,357.38,4388078,349.04,357.98,348.95
10/27/2022,349.23,4145263,352.05,353.79,348.595
10/26/2022,351.11,4277708,350.70,356.17,350.44
10/25/2022,353.75,5203396,348.05,354.03,348.03
10/24/2022,348.09,5639417,345.45,349.23,342.87
10/21/2022,343.90,4362430,335.50,344.3905,334.13
10/20/2022,335.83,3459059,338.17,342.42,335.05
10/19/2022,338.61,4403233,339.04,341.67,335.90
10/18/2022,340.97,4903278,344.68,345.00,337.765
10/17/2022,337.00,3889516,334.57,338.10,334.46
10/14/2022,328.65,4883998,338.62,340.19,328.025
10/13/2022,336.22,6396891,320.84,337.675,319.87
10/12/2022,327.64,3235062,329.15,330.58,327.44
10/11/2022,328.66,4968108,329.20,333.56,326.85
10/10/2022,330.84,3933860,334.47,334.67,328.66
10/07/2022,333.33,5168076,339.08,339.34,331.65
10/06/2022,342.96,3879612,345.18,347.98,342.49
10/05/2022,346.61,4755772,343.12,348.64,340.86
10/04/2022,347.21,5109957,342.14,347.33,342.13
10/03/2022,336.98,5738997,331.79,338.66,330.10
09/30/2022,328.30,7736631,332.57,336.19,328.12
09/29/2022,333.38,7230121,337.15,337.30,330.53
09/28/2022,340.48,8683949,334.80,342.10,333.18
09/27/2022,335.39,5795659,339.79,341.84,333.08
09/26/2022,336.34,5405686,338.23,341.66,335.07
09/23/2022,339.63,10491490,342.08,342.08,335.31
09/22/2022,345.37,5555622,347.55,348.54,344.67
09/21/2022,348.31,5102402,356.38,359.30,348.31
09/20/2022,354.55,3623962,355.38,356.38,351.8332
09/19/2022,358.59,3412645,352.80,358.59,352.75
09/16/2022,355.86,4452268,354.56,356.48,352.69
09/15/2022,358.68,3807460,361.16,363.97,357.40
09/14/2022,362.73,3555510,362.58,364.17,359.53
09/13/2022,361.38,5549174,369.34,370.53,360.2801
09/12/2022,377.86,2961354,375.82,378.51,375.51
09/09/2022,373.75,2621561,370.24,374.61,369.98
09/08/2022,368.07,3692037,363.375,368.48,362.27
09/07/2022,365.68,4136951,358.86,366.375,358.6904
09/06/2022,359.24,5680313,361.36,362.28,357.00
09/02/2022,360.45,4544223,367.95,369.13,358.78
09/01/2022,364.27,6126838,361.10,364.70,358.51
08/31/2022,363.15,4062539,367.61,368.79,363.11
08/30/2022,366.03,5044536,371.30,371.445,364.02
08/29/2022,370.05,4953159,369.77,373.05,368.78
08/26/2022,372.51,5153160,385.55,386.05,372.51
08/25/2022,385.73,2631290,381.76,385.73,380.70
08/24/2022,380.19,2241245,378.90,381.58,378.18
08/23/2022,379.04,2869184,379.56,381.87,378.5233
08/22/2022,379.94,4153718,383.43,383.54,379.09
08/19/2022,388.12,2899030,390.70,390.95,387.25
08/18/2022,393.55,3258081,392.42,394.02,391.17
08/17/2022,392.34,3222325,391.56,394.85,390.2931
08/16/2022,395.04,3864849,393.24,396.89,392.44
08/15/2022,394.35,3203933,390.49,394.76,390.46
08/12/2022,392.67,3664357,387.95,392.72,387.09
08/11/2022,386.06,3575370,388.87,390.65,385.40
08/10/2022,386.06,3650992,384.99,386.23,383.10
08/09/2022,378.14,2360524,379.02,379.41,377.10
08/08/2022,379.64,3455348,381.78,383.9068,378.57
08/05/2022,379.98,2852090,376.65,380.70,376.54
08/04/2022,380.77,3410631,380.88,381.53,379.19
08/03/2022,381.07,3854779,377.19,382.10,376.91
08/02/2022,375.21,4132588,376.11,379.627,373.95
08/01/2022,377.65,4421369,376.12,380.01,375.44
07/29/2022,378.79,5246413,374.73,379.66,373.93
07/28/2022,373.32,4345335,369.42,373.91,365.98
07/27/2022,368.66,4500264,362.49,370.33,362.2205
07/26/2022,359.25,2987190,362.12,362.21,358.4501
07/25/2022,363.61,3902230,363.84,364.44,361.45
07/22/2022,363.25,4533862,366.69,367.84,361.01
07/21/2022,366.59,4603979,362.36,366.62,360.01
07/20/2022,362.92,4270636,360.70,364.2399,359.45
07/19/2022,360.61,3620152,354.95,361.09,354.25
07/18/2022,351.08,3544880,356.97,357.62,349.92
07/15/2022,354.01,4520475,351.73,354.11,349.80
07/14/2022,347.44,4624840,343.41,347.95,341.045
07/13/2022,348.36,5603536,344.74,351.00,344.37
07/12/2022,349.99,4080271,352.60,354.90,348.38
07/11/2022,353.25,3491695,354.84,355.57,352.51
07/08/2022,357.29,4791341,355.906,359.05,354.471
07/07/2022,357.50,3737478,354.01,358.30,354.00
07/06/2022,352.33,5450928,351.23,354.68,348.93
07/05/2022,351.06,6180564,345.48,351.10,342.78
07/01/2022,350.44,7481480,346.16,350.83,343.59
06/30/2022,346.88,7159599,345.88,349.84,342.45
06/29/2022,349.64,3775861,350.43,351.36,347.81
06/28/2022,350.90,8801780,360.08,362.835,350.90
06/27/2022,358.65,4608590,361.00,361.15,357.57
06/24/2022,360.00,5458559,352.03,360.02,351.97
06/23/2022,349.13,6708774,347.63,349.61,344.14
06/22/2022,345.50,4876060,342.08,349.51,341.6348
06/21/2022,346.23,5628348,343.19,347.50,343.11
06/17/2022,337.95,7083981,337.31,340.87,334.24
06/16/2022,337.07,8821869,340.48,340.84,334.57
06/15/2022,348.52,7887624,346.82,352.84,341.97
06/14/2022,343.60,7584190,346.37,347.32,340.57
06/13/2022,344.46,10399710,349.11,350.8353,343.06
06/10/2022,358.27,7629693,362.93,363.69,358.23
06/09/2022,369.10,3021979,376.24,378.44,369.02
06/08/2022,377.99,3436443,380.50,382.23,377.26
06/07/2022,382.17,2649857,375.16,382.61,374.71
06/06/2022,378.47,2659482,381.33,382.96,377.41
06/03/2022,377.44,2749538,379.11,380.60,376.48
06/02/2022,383.65,3273721,376.41,383.74,374.20
06/01/2022,376.50,4245818,381.61,382.64,374.10
05/31/2022,379.68,5016514,380.23,382.85,376.92
05/27/2022,381.80,3911790,374.94,381.86,374.80
05/26/2022,372.46,4248253,366.445,374.13,366.27
05/25/2022,365.20,5704600,360.54,367.16,360.27
05/24/2022,362.18,5567301,360.85,363.21,355.70
05/23/2022,364.81,5254915,361.09,365.57,358.85
05/20/2022,358.02,8755856,361.41,361.95,349.76
05/19/2022,357.93,6359477,357.17,362.23,355.85
05/18/2022,360.34,6883570,370.98,371.16,359.00
05/17/2022,375.20,4513309,373.66,375.56,370.08
05/16/2022,367.84,4719840,367.71,371.35,365.45
05/13/2022,369.16,5377437,364.73,370.58,363.6416
05/12/2022,360.65,7679237,357.835,363.75,354.02
05/11/2022,360.93,8026944,365.97,371.36,360.27
05/10/2022,366.84,7870750,371.90,373.22,362.91
05/09/2022,365.90,10793230,372.36,373.56,364.50
05/06/2022,378.10,7959647,378.01,381.28,372.95
05/05/2022,380.49,10477250,390.22,390.31,376.35
05/04/2022,394.34,7367547,383.35,394.925,380.28
05/03/2022,382.73,5607696,381.62,385.0556,380.00
05/02/2022,381.08,10737020,378.79,382.27,372.33
04/29/2022,378.70,8221944,389.42,391.45,378.00
04/28/2022,393.14,7036192,388.23,394.90,383.87
04/27/2022,383.53,6415702,383.50,388.75,381.50
04/26/2022,382.54,8492984,391.40,391.59,382.44
04/25/2022,393.80,8141182,389.42,394.0584,385.00
04/22/2022,391.66,6326437,401.67,401.885,391.10
04/21/2022,402.65,4670153,412.38,413.68,401.80
04/20/2022,408.71,5067144,410.82,411.39,407.67
04/19/2022,409.02,3841510,402.58,409.77,402.36
04/18/2022,402.59,4305868,401.55,404.22,400.44
04/14/2022,402.52,3735679,407.72,408.78,402.34
04/13/2022,407.47,4358710,402.57,408.20,402.48
04/12/2022,402.92,6615813,407.33,409.71,401.37
04/11/2022,404.40,3342784,408.50,409.0592,403.925
04/08/2022,411.53,4752812,411.85,414.22,409.98
04/07/2022,412.53,4954053,409.60,414.30,407.74
04/06/2022,410.46,5540716,410.76,412.66,407.64
04/05/2022,414.66,4112033,418.56,420.82,413.50
04/04/2022,419.85,5117208,416.45,419.96,415.72
04/01/2022,416.32,4663067,416.68,416.818,412.87
03/31/2022,415.17,5876639,420.97,421.67,415.05
03/30/2022,421.65,4794334,423.26,424.01,419.59
03/29/2022,424.29,5510554,422.96,424.72,420.25
03/28/2022,418.99,3395334,415.50,419.05,413.69
03/25/2022,416.12,3643255,414.79,416.3581,412.205
03/24/2022,414.02,2977317,409.89,414.10,408.81
03/23/2022,409.33,3742563,412.16,413.62,409.29
03/22/2022,414.67,4231715,411.20,415.52,411.20
03/21/2022,409.91,4159492,409.84,411.75,406.43
03/18/2022,409.89,5874983,403.98,410.28,403.24
03/17/2022,405.41,5177527,398.64,405.56,398.30
03/16/2022,400.51,7407331,395.50,400.55,390.55
03/15/2022,391.75,5739361,385.86,392.37,384.63
03/14/2022,383.34,6454976,387.07,390.268,382.25
03/11/2022,386.16,5872799,393.62,394.1899,385.68
03/10/2022,391.15,6394788,388.44,392.01,386.53
03/09/2022,392.90,5812598,390.88,394.85,388.72
03/08/2022,382.70,9356075,385.76,392.74,381.64
03/07/2022,385.61,8411483,396.73,397.00,385.56
03/04/2022,397.34,6322478,396.93,398.4264,393.37
03/03/2022,400.58,8745268,405.02,405.54,398.88
03/02/2022,402.60,8185168,397.72,404.10,396.78
03/01/2022,395.34,9124412,400.01,401.92,392.79
02/28/2022,401.36,11855940,397.18,402.85,396.00
02/25/2022,402.37,11665230,394.95,402.52,393.3955
02/24/2022,393.77,21277220,377.76,394.17,377.50
02/23/2022,387.81,12154860,397.74,398.32,387.38
02/22/2022,394.92,10414740,397.05,400.37,391.505
02/18/2022,399.29,10570830,402.15,403.31,397.00
02/17/2022,401.86,7540991,407.49,407.98,401.23
02/16/2022,410.59,7743764,408.20,411.89,406.32
02/15/2022,410.10,6822294,408.18,410.29,407.46
02/14/2022,403.62,10167580,404.43,405.99,400.24
02/11/2022,404.94,10458590,413.15,415.20,403.57
02/10/2022,413.18,9260462,414.93,420.80,411.14
02/09/2022,420.57,6284459,418.55,420.87,418.345
02/08/2022,414.49,5565685,410.72,415.46,409.35
02/07/2022,411.16,5620912,413.23,414.62,409.90
02/04/2022,412.52,8210024,410.34,416.24,408.06
02/03/2022,410.59,7658271,414.59,416.43,409.79
02/02/2022,420.36,6726476,418.98,421.18,416.54
02/01/2022,416.39,8154891,414.34,417.04,410.90
01/31/2022,413.69,9200435,405.67,413.97,404.35
01/28/2022,406.26,12096810,397.82,406.33,393.30
01/27/2022,396.54,12455230,402.93,405.97,394.82
01/26/2022,398.56,14377350,405.66,408.1954,394.34
01/25/2022,399.46,16836330,398.17,404.26,392.7325
01/24/2022,404.37,22997840,397.26,404.88,386.84
01/21/2022,402.69,16225930,409.71,411.9265,402.66
01/20/2022,410.76,8907603,417.17,421.75,410.29
01/19/2022,415.33,8184106,421.17,422.535,415.07
01/18/2022,419.74,10697980,422.62,424.98,417.33
01/14/2022,427.23,9960814,423.945,427.5799,422.81
01/13/2022,427.10,7521275,434.09,434.72,426.09
01/12/2022,433.07,8270332,433.56,435.04,431.14
01/11/2022,431.78,7282442,427.68,431.95,424.78
01/10/2022,428.03,10481530,425.38,428.19,419.77
01/07/2022,428.59,6157536,430.21,431.36,427.20
01/06/2022,430.08,7971547,430.20,432.83,427.90
01/05/2022,430.66,7539607,438.78,439.41,430.525
01/04/2022,439.07,6262237,440.58,441.26,437.22
01/03/2022,439.25,6017303,437.93,439.27,435.64
12/31/2021,436.57,5185608,437.23,438.38,436.39
12/30/2021,437.77,3751831,439.39,440.36,437.32
12/29/2021,439.01,4596686,438.50,439.95,437.54
12/28/2021,438.48,4865844,439.28,440.19,437.655
12/27/2021,438.81,4986317,433.98,438.82,433.95
12/23/2021,432.64,5032684,430.91,434.0963,430.87
12/22/2021,429.99,4992213,425.45,430.09,425.32
12/21/2021,425.69,6916663,421.65,425.85,419.52
12/20/2021,419.80,9903413,419.39,420.22,416.30
12/17/2021,424.39,8883451,425.85,428.79,422.67
12/16/2021,428.84,7159519,434.56,434.80,427.35
12/15/2021,432.75,6871253,426.11,432.98,423.67
12/14/2021,426.09,6522926,425.80,428.24,423.20
12/13/2021,429.01,5923878,432.36,432.66,428.75
12/10/2021,432.85,6238301,431.44,432.96,428.95
12/09/2021,428.76,5035427,430.46,431.32,428.61
12/08/2021,431.70,4476542,430.95,432.14,429.24
12/07/2021,430.49,4731920,426.98,431.10,426.94
12/06/2021,421.82,7289493,419.41,423.66,417.00
12/03/2021,416.84,10228930,422.12,423.19,412.77
12/02/2021,420.56,10417670,414.42,422.06,414.03
12/01/2021,414.24,8370491,424.47,427.2212,413.97
11/30/2021,419.06,8657643,424.80,426.63,418.63
11/29/2021,427.24,6300761,426.71,428.98,424.55
11/26/2021,422.14,7702478,425.19,426.52,420.90
11/24/2021,431.53,4569588,428.56,431.75,427.71
11/23/2021,430.47,6801311,429.57,431.29,427.04
11/22/2021,429.91,4875928,432.93,435.41,429.72
11/19/2021,431.05,4886525,431.87,432.99,430.3798
11/18/2021,431.86,4736823,431.44,432.17,428.80
11/17/2021,430.37,3764856,431.24,431.39,429.84
11/16/2021,431.41,3266998,429.52,432.59,429.4721
11/15/2021,429.77,3122286,430.95,431.005,428.65
11/12/2021,429.57,3655495,427.66,430.17,426.73
11/11/2021,426.40,3634631,427.70,427.82,426.39
11/10/2021,426.26,6350658,428.09,429.73,424.81
11/09/2021,429.72,4696024,431.56,431.75,428.34
11/08/2021,431.23,3511610,431.88,432.34,430.50
11/05/2021,430.71,4942933,431.55,432.76,429.30
11/04/2021,429.25,4287284,427.85,429.37,427.54
11/03/2021,427.25,3562910,424.14,427.66,423.69
11/02/2021,424.69,2989214,423.15,424.96,423.01
11/01/2021,423.05,3937315,423.19,423.57,421.28
10/29/2021,422.16,4637741,419.15,422.515,418.87
10/28/2021,421.41,3643561,418.78,421.44,418.75
10/27/2021,417.33,2873514,419.66,420.29,417.28
10/26/2021,419.15,3085261,420.27,421.5294,418.86
10/25/2021,418.75,2511465,417.64,419.14,415.93
10/22/2021,416.59,3648855,416.58,418.00,414.70
10/21/2021,417.01,2579450,415.38,417.24,414.9449
10/20/2021,415.99,3208156,414.74,416.22,414.65
10/19/2021,414.38,2838262,412.74,414.38,412.14
10/18/2021,411.18,3402670,408.20,411.46,407.53
10/15/2021,409.93,3501619,408.92,410.26,408.275
10/14/2021,406.76,3788390,403.70,406.95,403.22
10/13/2021,400.04,6492363,399.64,400.88,396.75
10/12/2021,398.76,6201264,400.55,400.92,397.87
10/11/2021,399.56,3695672,401.91,404.74,399.56
10/08/2021,402.49,3960919,404.04,404.3881,401.94
10/07/2021,403.25,4409195,403.07,406.05,402.85
10/06/2021,399.81,6589951,394.65,400.02,393.06
10/05/2021,398.04,5523244,395.56,400.3526,394.79
10/04/2021,394.21,8820427,398.12,398.94,391.96
10/01/2021,399.12,8482196,396.226,400.85,392.77
09/30/2021,394.40,9511155,400.85,401.52,394.34
09/29/2021,399.46,4724166,400.10,401.79,398.86
09/28/2021,400.14,8234309,405.55,405.87,399.33
09/27/2021,408.30,3546600,408.421,409.57,407.59
09/24/2021,409.46,3417688,407.17,410.13,406.95
09/23/2021,408.78,4098043,405.71,410.32,405.47
09/22/2021,403.90,6004773,402.17,405.85,401.26
09/21/2021,400.04,6418124,402.66,403.90,399.44
09/20/2021,400.43,10942740,401.11,402.64,395.57
09/17/2021,407.08,5396095,410.35,410.78,406.77
09/16/2021,411.11,3351499,411.27,412.19,408.23
09/15/2021,411.82,3891386,408.79,412.2578,407.70
09/14/2021,408.41,3657667,412.02,412.18,407.49
09/13/2021,410.54,4738340,412.52,412.71,408.31
09/10/2021,409.58,4035509,414.69,415.10,409.415
09/09/2021,412.77,3887829,414.34,416.07,412.57
09/08/2021,414.63,4012604,414.53,415.26,412.6731
09/07/2021,415.03,3542491,416.27,416.29,414.42
09/03/2021,416.57,3743999,415.58,417.0593,415.16
09/02/2021,416.73,2836923,416.80,417.44,415.495
09/01/2021,415.49,3256370,416.05,416.59,415.16
08/31/2021,415.05,6062916,415.66,416.02,414.58
08/30/2021,415.76,2811785,414.66,416.56,414.39
08/27/2021,413.86,3882200,411.09,414.33,411.02
08/26/2021,410.22,4707561,412.41,412.66,410.20
08/25/2021,412.63,3261412,412.06,413.21,411.67
08/24/2021,411.87,3006487,411.90,412.36,411.35
08/23/2021,411.22,3259398,409.25,412.08,409.23
08/20/2021,407.61,3263571,404.68,407.92,404.26
08/19/2021,404.41,5505717,401.09,405.55,400.931
08/18/2021,403.84,4878277,407.22,408.75,403.54
08/17/2021,408.23,5186251,408.41,409.05,405.31
08/16/2021,410.94,3385158,408.71,411.01,407.15
08/13/2021,409.96,2253785,409.64,409.96,409.18
08/12/2021,409.15,2320453,407.82,409.33,406.97
08/11/2021,407.96,3554430,408.00,408.07,406.91
08/10/2021,406.98,2400730,406.91,407.67,406.23
08/09/2021,406.47,1984384,406.75,407.0492,405.69
08/06/2021,406.86,2486923,406.44,407.18,406.17
08/05/2021,406.16,3052826,404.70,406.19,404.38
08/04/2021,403.64,3880216,404.31,404.86,403.34
08/03/2021,405.58,4129628,403.08,405.66,400.92
08/02/2021,402.33,5814735,404.78,405.36,401.94
07/30/2021,403.15,5204480,402.59,404.53,402.4697
07/29/2021,405.13,2274198,404.36,406.13,404.35
07/28/2021,403.39,3763730,404.17,404.76,402.04
07/27/2021,403.61,3626075,404.45,404.45,400.80
07/26/2021,405.41,2374331,403.92,405.42,403.82
07/23/2021,404.38,3151949,402.17,404.75,401.58
07/22/2021,400.38,2575749,399.71,400.56,398.70
07/21/2021,399.53,2996601,397.48,399.62,397.27
07/20/2021,396.20,4043076,391.345,397.50,390.01
07/19/2021,390.68,12336210,391.78,392.26,387.93
07/16/2021,396.61,4516552,400.84,400.88,396.14
07/15/2021,399.72,4483895,399.74,400.38,397.805
07/14/2021,401.01,3332211,402.06,402.57,399.82
07/13/2021,400.46,4313092,401.08,402.50,400.18
07/12/2021,401.82,2929163,400.30,402.03,399.87
07/09/2021,400.37,3332168,397.63,400.65,397.42
07/08/2021,396.19,5817105,394.20,396.88,393.02
07/07/2021,399.37,4747830,398.67,399.66,396.68
07/06/2021,398.00,4331346,398.77,398.99,395.30
07/02/2021,398.75,4363111,396.85,399.05,396.525
07/01/2021,395.74,3414515,394.30,395.85,394.2062
06/30/2021,393.52,3795925,392.72,394.131,392.72
06/29/2021,393.16,2927626,393.35,393.94,392.66
06/28/2021,394.32,2418472,394.03,394.45,392.83
06/25/2021,393.50,2863066,392.90,393.92,392.54
06/24/2021,392.05,2987820,391.89,392.5185,391.67
06/23/2021,389.82,2404155,390.35,391.14,389.70
06/22/2021,390.24,2705442,388.24,391.09,387.47
06/21/2021,388.18,4389779,384.50,388.38,383.65
06/18/2021,382.82,5211110,384.79,385.38,382.52
06/17/2021,387.97,4065333,387.62,388.91,385.50
06/16/2021,388.11,4194316,390.419,390.58,386.02
06/15/2021,390.25,2405039,391.15,391.20,389.4099
06/14/2021,391.07,2252205,390.21,391.07,389.00
06/11/2021,390.09,2241500,390.00,390.20,388.73
06/10/2021,389.41,2611815,388.86,390.3597,387.58
06/09/2021,387.62,2968089,389.08,389.13,387.41
06/08/2021,388.23,2386617,389.00,389.08,386.44
06/07/2021,388.17,2500620,388.52,388.69,387.25
06/04/2021,388.50,2628143,386.81,388.80,386.76
06/03/2021,385.01,3390955,384.17,386.11,382.70
06/02/2021,386.48,3209191,386.45,387.24,385.47
06/01/2021,385.83,4389042,388.50,388.62,385.38
05/28/2021,386.13,3371117,387.03,387.27,385.94
05/27/2021,385.38,3015864,386.282,386.78,385.32
05/26/2021,385.21,2642705,385.09,385.75,384.07
05/25/2021,384.51,4031807,386.40,386.76,383.94
05/24/2021,385.32,2962453,383.69,386.40,383.44
05/21/2021,381.47,3567453,383.23,384.45,381.01
05/20/2021,381.76,4776714,378.57,382.99,378.45
05/19/2021,377.73,5086270,374.06,377.84,372.62
05/18/2021,378.73,3128310,382.25,382.47,378.54
05/17/2021,382.03,3767788,381.90,382.75,380.00
05/14/2021,382.95,5167919,379.81,383.79,379.81
05/13/2021,377.16,7188191,374.21,379.05,374.17
05/12/2021,372.73,7707441,378.04,379.27,372.13
05/11/2021,380.86,7081501,379.75,381.74,376.95
05/10/2021,384.23,5942697,388.41,388.66,384.09
05/07/2021,388.03,3516620,386.02,388.68,385.33
05/06/2021,385.28,4737289,382.26,385.37,380.27
05/05/2021,382.17,2319217,383.72,383.91,381.44
05/04/2021,382.10,5485646,382.52,382.96,378.45
05/03/2021,384.44,4180812,385.56,385.94,383.96
04/30/2021,383.57,5219206,383.91,384.76,382.73
04/29/2021,386.12,4209880,386.40,386.74,382.81
04/28/2021,383.56,3960389,384.10,385.1692,383.24
04/27/2021,383.74,3370642,384.20,384.38,382.72
04/26/2021,383.86,3125214,383.73,384.45,383.32
04/23/2021,383.03,3783209,379.57,384.455,379.46
04/22/2021,378.99,3965016,382.32,383.115,377.96
04/21/2021,382.50,3640080,378.28,382.67,378.14
04/20/2021,378.94,4106739,380.49,381.16,377.465
04/19/2021,381.74,3945743,382.62,383.09,380.37
04/16/2021,383.63,3252459,383.558,384.15,382.19
04/15/2021,382.29,3573828,380.33,382.54,380.28
04/14/2021,378.23,3691057,379.46,380.51,377.70
04/13/2021,379.45,2985533,378.37,380.12,377.92
04/12/2021,378.42,2747529,377.70,378.65,377.0799
04/09/2021,378.25,2627530,375.42,378.40,375.33
04/08/2021,375.55,3949423,374.97,375.56,374.06
04/07/2021,373.73,2768895,373.14,374.0797,372.72
04/06/2021,373.26,3583491,373.04,374.33,372.67
04/05/2021,373.47,3764095,370.89,374.07,370.81
04/01/2021,368.16,5131981,366.20,368.29,366.03
03/31/2021,364.30,7470344,363.39,365.82,363.39
03/30/2021,362.86,3696168,362.56,363.47,361.27
03/29/2021,363.79,3143331,362.57,364.68,361.1097
03/26/2021,364.01,3322643,359.37,364.37,358.75
03/25/2021,359.43,5487296,356.08,360.24,354.14
03/24/2021,357.42,4098983,360.71,362.27,357.42
03/23/2021,359.41,4954604,361.53,362.94,358.51
03/22/2021,362.07,3417647,359.79,363.50,359.76
03/19/2021,359.23,5382753,359.65,361.17,357.14
03/18/2021,359.87,5073991,362.73,364.76,359.28
03/17/2021,365.24,5011554,362.83,366.05,361.62
03/16/2021,364.05,3698397,365.12,365.78,363.25
03/15/2021,364.46,3162271,362.67,364.75,360.45
03/12/2021,362.36,4847336,360.50,362.45,359.666
03/11/2021,361.85,3340718,360.66,363.76,360.1605
03/10/2021,358.07,7231407,358.30,359.84,356.88
03/09/2021,355.87,6075087,354.75,358.46,354.23
03/08/2021,350.96,5663478,353.63,356.40,350.66
03/05/2021,352.69,8721265,349.77,353.73,342.59
03/04/2021,346.34,6604466,350.49,353.02,341.915
03/03/2021,350.66,6317636,354.70,355.64,350.56
03/02/2021,355.35,5462610,358.38,358.63,355.16
03/01/2021,358.12,3725252,354.55,359.39,354.50
02/26/2021,349.59,7579472,353.47,354.4678,347.71
02/25/2021,351.52,7049193,359.03,360.27,350.08
02/24/2021,360.16,3301220,355.15,360.58,354.20
02/23/2021,356.22,5251055,353.69,357.56,349.53
02/22/2021,355.77,3290986,355.84,358.19,355.56
02/19/2021,358.59,2487098,360.47,360.71,358.14
02/18/2021,359.25,3017068,358.24,359.93,356.49
02/17/2021,360.79,3220093,359.03,360.97,357.9222
02/16/2021,360.71,4408452,362.15,362.37,359.98
02/12/2021,361.05,2144471,358.45,361.19,358.36
02/11/2021,359.22,2237200,359.71,360.10,356.8376
02/10/2021,358.64,2400011,360.53,360.61,356.30
02/09/2021,358.78,1891240,358.22,359.33,357.77
02/08/2021,359.07,3371070,357.92,359.07,357.06
02/05/2021,356.44,2091756,356.90,357.1312,355.316
02/04/2021,355.02,1988342,352.12,355.04,351.92
02/03/2021,351.09,3392809,351.70,352.80,349.88
02/02/2021,350.74,2955229,349.05,352.34,349.00
02/01/2021,345.77,3334009,343.63,346.85,341.40
01/29/2021,340.18,5803647,345.31,346.22,338.57
01/28/2021,347.13,3432188,345.97,351.0707,345.58
01/27/2021,344.24,5010372,349.54,349.56,341.99
01/26/2021,352.80,2430244,354.23,354.645,352.60
01/25/2021,353.33,3548997,352.71,353.6814,347.97
01/22/2021,351.90,1812174,351.38,353.04,350.99
01/21/2021,353.16,2582562,353.46,353.835,352.302
01/20/2021,352.83,2920573,350.32,353.71,349.97
01/19/2021,348.10,3433790,347.80,348.587,346.36
01/15/2021,345.37,3622148,346.27,347.06,343.53
01/14/2021,347.85,3497443,349.85,350.3183,347.55
01/13/2021,349.03,3039926,348.11,350.06,347.32
01/12/2021,348.16,2298388,348.30,349.15,345.97
01/11/2021,348.13,2987858,347.36,349.82,347.202
01/08/2021,350.42,3758462,349.88,350.619,346.64
01/07/2021,348.46,3638857,345.74,349.20,345.54
01/06/2021,343.33,4804950,339.79,346.50,339.30
01/05/2021,341.26,3299716,338.40,342.39,338.39
01/04/2021,339.03,5402614,345.02,345.09,335.37
12/31/2020,343.69,3507320,341.82,344.37,341.23
12/30/2020,341.85,2009135,342.28,342.91,341.565
12/29/2020,341.39,2555542,343.63,343.77,340.87
12/28/2020,342.11,2798845,341.74,342.46,341.09
12/24/2020,339.16,1447667,338.37,339.18,337.77
12/23/2020,337.81,3682167,338.54,339.75,337.69
12/22/2020,337.54,2381325,338.47,338.55,336.47
12/21/2020,339.59,3918085,336.83,340.38,334.11
12/18/2020,340.64,6025650,342.39,342.50,338.70
12/17/2020,342.01,2626995,341.77,342.25,340.96
12/16/2020,340.16,2943154,339.83,341.04,338.96
12/15/2020,339.64,2762601,337.64,339.64,336.24
12/14/2020,335.01,2654634,338.76,339.79,334.89
12/11/2020,336.55,2387889,335.31,336.80,333.77
12/10/2020,336.98,2738559,335.74,337.9999,334.842
12/09/2020,337.14,2545788,340.79,340.9329,336.26
12/08/2020,340.16,1948194,337.89,340.70,337.85
12/07/2020,339.18,1943081,339.07,339.63,337.91
12/04/2020,339.81,2907285,337.505,339.84,337.45
12/03/2020,336.91,2851086,336.91,338.30,335.88
12/02/2020,337.01,2270336,335.22,337.11,334.65
12/01/2020,336.30,3237145,335.92,337.80,335.32
11/30/2020,332.64,4175707,333.40,333.63,330.04
11/27/2020,334.14,984710,334.285,334.61,333.18
11/25/2020,333.19,2256860,333.67,333.67,332.15
11/24/2020,333.74,2659731,331.02,334.25,330.10
11/23/2020,328.42,2222635,328.28,329.60,326.06
11/20/2020,326.49,3517557,328.41,328.658,326.40
11/19/2020,328.69,2962161,326.76,329.09,325.41
11/18/2020,327.32,2647827,331.63,332.14,327.29
11/17/2020,331.34,3052136,330.73,332.50,329.25
11/16/2020,333.00,3018755,331.65,333.12,330.405
11/13/2020,329.01,1998446,326.45,329.73,325.89
11/12/2020,324.60,2539783,326.74,327.44,322.73
11/11/2020,327.63,2773482,327.42,328.50,326.17
11/10/2020,325.34,4120821,324.77,326.30,322.06
11/09/2020,325.76,8097281,334.36,335.20,325.28
11/06/2020,321.75,3640619,321.44,322.92,319.425
11/05/2020,321.79,3950281,320.94,323.55,320.52
11/04/2020,315.61,5750173,313.19,319.65,312.00
11/03/2020,308.66,3378343,306.57,310.74,306.09
11/02/2020,303.31,4080396,303.37,305.31,300.63
10/30/2020,299.82,5892432,301.56,302.86,296.37
10/29/2020,303.23,5365171,300.32,306.25,298.69
10/28/2020,300.07,5650454,305.13,305.74,299.615
10/27/2020,310.77,2196107,312.18,312.47,310.5583
10/26/2020,311.80,3335822,314.31,315.08,308.36
10/23/2020,317.65,1429454,317.84,317.84,315.24
10/22/2020,316.57,2362400,315.06,317.16,312.99
10/21/2020,314.84,2607729,315.41,317.5224,314.59
10/20/2020,315.41,3066561,315.48,318.67,314.7792
10/19/2020,314.17,2229583,320.30,320.89,313.33
10/16/2020,318.99,1669931,320.65,322.21,318.90
10/15/2020,319.26,2487096,315.71,319.70,315.2252
10/14/2020,319.64,1907791,322.22,323.30,318.93
10/13/2020,321.65,2229739,323.64,323.73,320.707
10/12/2020,323.72,2194283,321.14,325.222,320.66
10/09/2020,318.58,2794077,317.47,319.0999,316.85
10/08/2020,315.77,1731711,314.96,315.85,314.05
10/07/2020,313.00,1707831,310.607,313.81,310.60
10/06/2020,307.72,3389808,312.25,314.32,307.1806
10/05/2020,312.08,2364454,308.69,312.29,308.69
10/02/2020,306.72,3125089,304.72,308.58,304.215
10/01/2020,309.60,3005650,310.16,311.11,307.76
09/30/2020,307.65,4304504,306.04,310.7499,305.85
09/29/2020,305.30,2307331,306.84,307.51,304.65
09/28/2020,308.36,2437913,307.42,309.02,306.43
09/25/2020,303.28,2683969,297.575,304.04,296.72
09/24/2020,298.50,3130664,296.31,301.46,295.04
09/23/2020,297.68,2755784,305.28,305.55,297.17
09/22/2020,304.74,2741533,303.11,305.24,300.67
09/21/2020,301.69,4536837,300.47,301.75,296.83
09/18/2020,305.00,3421015,309.44,309.48,302.55
09/17/2020,308.59,2848323,306.48,310.27,305.96
09/16/2020,311.31,2316222,313.81,315.18,311.04
09/15/2020,312.57,2570928,313.47,314.26,311.52
09/14/2020,310.97,3056093,310.08,312.75,309.61
09/11/2020,306.98,3690254,308.55,309.59,304.17
09/10/2020,306.75,3588984,314.05,314.71,305.82
09/09/2020,312.21,3339835,310.145,314.66,309.29
09/08/2020,306.17,4278260,309.35,310.59,305.85
09/04/2020,314.82,5133935,317.77,319.60,306.90
09/03/2020,317.36,6891967,327.01,327.51,314.81
09/02/2020,328.74,5273074,325.94,329.67,324.78
09/01/2020,324.02,3010783,321.81,324.10,320.94
08/31/2020,321.02,5067980,321.98,322.83,320.80
08/28/2020,322.15,3538745,321.14,322.28,319.95
08/27/2020,320.07,2295927,320.22,321.5031,318.4695
08/26/2020,319.43,2605983,316.75,319.63,316.25
08/25/2020,316.20,2890833,315.69,316.26,314.50
08/24/2020,315.10,2349556,314.355,315.17,313.37
08/21/2020,311.93,2316223,310.48,312.10,310.17
08/20/2020,310.82,2409269,308.11,311.27,308.02
08/19/2020,309.84,2498298,311.55,312.28,309.31
08/18/2020,311.16,2415819,310.93,311.55,309.28
08/17/2020,310.51,2183360,310.44,310.87,310.09
08/14/2020,309.51,2098031,309.15,310.02,308.34
08/13/2020,309.51,4074194,309.30,310.78,308.56
08/12/2020,310.04,2953661,308.25,310.81,308.20
08/11/2020,305.85,3571230,309.52,310.1156,305.07
08/10/2020,308.34,2118154,307.88,308.50,305.92
08/07/2020,307.36,3319618,306.23,307.60,305.3216
08/06/2020,307.20,4088158,304.58,307.29,304.25
08/05/2020,305.15,2620744,304.61,305.40,304.31
08/04/2020,303.26,2129215,301.22,303.26,301.22
08/03/2020,301.99,3769021,301.65,302.8222,301.13
07/31/2020,300.10,4460643,299.45,300.10,295.24
07/30/2020,297.61,2951740,295.74,298.06,293.67
07/29/2020,298.70,2370847,296.00,299.26,295.90
07/28/2020,295.13,3135561,296.18,297.33,294.79
07/27/2020,296.97,2253331,295.48,297.12,294.74
07/24/2020,294.82,2850971,294.86,295.81,293.30
07/23/2020,296.74,3487108,299.93,300.62,295.38
07/22/2020,300.33,4121139,298.22,300.56,298.11
07/21/2020,298.63,3310876,299.86,300.35,297.66
07/20/2020,298.01,2539891,295.33,298.68,294.60
07/17/2020,295.55,2245953,295.72,296.35,293.745
07/16/2020,294.77,3082869,293.80,295.11,293.15
07/15/2020,295.63,6601428,296.19,296.7512,293.35
07/14/2020,293.03,4053101,287.79,293.32,286.63
07/13/2020,289.16,3657909,294.10,296.45,288.61
07/10/2020,291.80,2712405,288.72,292.01,287.34
07/09/2020,288.90,3164606,291.02,291.30,285.41
07/08/2020,290.38,2434228,289.00,290.55,287.29
07/07/2020,288.24,3420257,289.67,291.68,287.8916
07/06/2020,291.26,3573810,290.67,291.58,289.90
07/02/2020,286.81,3661062,288.76,290.05,286.18
07/01/2020,285.37,3712553,284.37,286.51,283.95
06/30/2020,283.43,5215693,279.29,284.95,279.15
06/29/2020,279.70,3464598,276.89,279.72,274.72
06/26/2020,277.11,4479022,282.72,282.92,276.52
06/25/2020,283.76,3897429,280.26,284.10,278.2201
06/24/2020,280.79,4532344,286.08,286.70,278.97
06/23/2020,288.16,2503556,289.51,290.43,287.7601
06/22/2020,286.86,2518008,284.35,287.1907,283.26
06/19/2020,284.97,3479532,290.04,290.27,283.67
06/18/2020,286.66,2756256,284.97,287.12,284.545
06/17/2020,286.40,2662798,288.73,289.02,285.88
06/16/2020,287.72,5294952,290.05,290.199,282.83
06/15/2020,282.20,4431380,273.91,283.35,272.77
06/12/2020,279.65,6232184,283.35,284.15,274.50
06/11/2020,276.32,7748197,286.36,294.50,275.80
06/10/2020,293.22,5602593,295.53,296.3934,292.59
06/09/2020,295.06,4686385,294.49,296.387,293.6301
06/08/2020,297.17,5559680,294.43,297.32,293.88
06/05/2020,293.61,6015518,291.63,295.38,291.61
06/04/2020,286.29,3818618,286.00,287.75,284.20
06/03/2020,287.02,5568075,285.20,287.93,284.93
06/02/2020,283.28,4343902,281.79,283.28,280.46
06/01/2020,280.97,3907111,279.07,281.49,278.57
05/29/2020,279.75,7051402,278.03,280.35,275.36
05/28/2020,278.50,4634896,280.03,282.04,277.81
05/27/2020,279.05,5152385,277.78,279.05,272.86
05/26/2020,275.04,4911764,277.53,277.735,274.55
05/22/2020,271.55,2296370,270.76,271.72,269.50
05/21/2020,270.94,3581314,272.80,273.59,269.95
05/20/2020,272.90,4896239,271.92,273.79,271.69
05/19/2020,268.52,4921117,270.61,272.25,268.34
05/18/2020,271.08,6769161,269.32,272.70,269.06
05/15/2020,263.04,3386161,259.54,263.11,258.56
05/14/2020,261.86,7737588,256.33,262.00,253.97
05/13/2020,258.74,5617469,262.87,263.90,256.36
05/12/2020,263.41,5159857,269.98,270.40,263.33
05/11/2020,268.82,3469300,266.78,270.20,266.43
05/08/2020,268.78,3206956,267.53,269.14,266.38
05/07/2020,264.36,3410208,264.45,266.30,263.90
05/06/2020,261.27,3021415,264.71,265.105,261.14
05/05/2020,263.04,4437160,263.45,265.81,262.60
05/04/2020,260.64,4128909,257.92,260.90,256.53
05/01/2020,259.82,4790654,262.14,262.85,258.74
04/30/2020,267.10,7386574,268.08,268.58,265.23
04/29/2020,269.45,6773125,267.98,271.00,266.91
04/28/2020,262.68,5849521,267.48,267.79,262.30
04/27/2020,263.90,3892216,262.01,264.91,261.57
04/24/2020,260.14,4770195,258.00,260.70,255.94
04/23/2020,256.42,7665377,257.75,260.8999,256.20
04/22/2020,256.47,5634160,255.83,258.23,254.475
04/21/2020,250.95,6526061,254.25,255.49,250.00
04/20/2020,258.86,6498713,259.65,263.10,258.58
04/17/2020,263.61,6738790,262.31,264.00,259.50
04/16/2020,256.53,6165690,256.514,257.2999,253.40
04/15/2020,255.24,4888851,255.08,256.90,253.11
04/14/2020,260.92,6631120,258.24,261.63,257.21
04/13/2020,253.19,7666366,254.64,254.9487,249.3766
04/09/2020,255.67,8812596,255.12,258.3899,253.14
04/08/2020,251.93,6958583,246.24,253.05,244.05
04/07/2020,243.66,12936590,251.92,252.80,243.455
04/06/2020,243.53,7624036,236.96,245.30,235.93
04/03/2020,228.02,5490162,230.43,232.71,225.3412
04/02/2020,231.44,6547009,225.335,232.18,224.72
04/01/2020,226.15,13710140,227.92,231.05,224.13
03/31/2020,236.82,10386300,239.45,241.94,235.44
03/30/2020,240.39,8727846,234.92,241.10,232.97
03/27/2020,232.86,11170600,232.70,239.64,230.661
03/26/2020,240.24,12411130,229.272,241.44,228.85
03/25/2020,226.62,11876360,225.00,235.51,220.32
03/24/2020,223.75,13160770,216.39,224.30,214.83
03/23/2020,204.27,14128150,209.63,210.7799,200.55
03/20/2020,210.74,11533250,222.80,224.563,210.05
03/19/2020,220.34,12441160,218.43,226.00,212.11
03/18/2020,220.15,20177500,216.08,224.74,208.31
03/17/2020,232.88,15115490,223.75,233.95,216.60
03/16/2020,218.57,17271540,222.85,234.77,218.1444
03/13/2020,247.64,19533610,240.66,247.78,228.10
03/12/2020,226.48,24669260,234.94,243.675,225.81
03/11/2020,250.73,11518410,256.66,257.72,247.62
03/10/2020,263.81,10879060,260.48,263.81,250.00
03/09/2020,252.11,16425910,253.89,260.99,251.15
03/06/2020,273.19,6669112,269.32,274.46,266.60
03/05/2020,277.85,6219956,280.30,283.41,275.61
03/04/2020,287.48,5253926,281.23,287.645,278.70
03/03/2020,276.04,9805876,284.34,288.3197,273.36
03/02/2020,283.87,12428630,274.00,284.04,270.49
02/28/2020,271.74,23324080,265.32,272.92,262.25
02/27/2020,273.39,14897040,280.57,284.4795,273.36
02/26/2020,286.07,10284670,288.61,292.28,285.48
02/25/2020,287.34,8465834,297.73,298.23,286.36
02/24/2020,296.24,7096975,296.96,299.378,295.17
02/21/2020,306.49,2678575,308.30,308.58,305.62
02/20/2020,309.70,4617280,310.35,311.187,306.67
02/19/2020,310.92,2257545,310.42,311.59,310.12
02/18/2020,309.43,3002985,309.24,309.82,308.0332
02/14/2020,310.28,1637209,310.11,310.33,309.00
02/13/2020,309.76,2043427,308.60,310.72,308.36
02/12/2020,310.06,2115750,309.56,310.27,309.17
02/11/2020,308.08,2438848,308.93,309.69,307.605
02/10/2020,307.52,2246940,304.39,307.56,304.35
02/07/2020,305.33,2249279,305.83,306.59,304.74
02/06/2020,306.89,1925534,306.80,307.08,305.81
02/05/2020,305.85,3049942,305.40,306.08,303.87
02/04/2020,302.43,2292773,301.50,303.225,301.16
02/03/2020,297.84,3266697,297.12,299.67,297.0348
01/31/2020,295.69,6184691,300.44,300.60,294.72
01/30/2020,301.09,4432657,298.04,301.29,297.30
01/29/2020,300.15,2752249,301.78,301.935,299.922
01/28/2020,300.45,3562527,298.70,301.22,298.2201
01/27/2020,297.23,4301999,296.84,298.73,296.45
01/24/2020,302.03,3448207,305.42,305.52,300.8086
01/23/2020,304.81,2673069,303.84,304.97,302.664
01/22/2020,304.51,2765293,305.31,305.92,304.32
01/21/2020,304.43,2757878,304.08,305.22,304.00
01/17/2020,305.06,2218062,304.77,305.20,304.20
01/16/2020,304.03,2582603,302.94,304.04,302.71
01/15/2020,301.51,2822336,300.81,302.30,300.69
01/14/2020,300.84,2620725,300.89,301.91,300.32
01/13/2020,301.24,2738733,299.91,301.32,299.48
01/10/2020,299.26,3667003,300.74,300.86,298.79
01/09/2020,300.12,2173883,299.73,300.19,299.09
01/08/2020,298.06,3724359,296.71,299.31,296.47
01/07/2020,296.53,2384732,296.82,297.27,296.0611
01/06/2020,297.35,2782110,294.42,297.42,294.35
01/03/2020,296.24,3248060,295.22,297.36,295.04
01/02/2020,298.42,3149761,297.29,298.45,296.34
12/31/2019,295.80,2512719,294.53,295.99,294.17
12/30/2019,295.04,2349611,296.75,296.84,294.5103
12/27/2019,296.67,2225614,297.51,297.51,296.149
12/26/2019,296.67,2391589,295.56,296.69,295.52
12/24/2019,295.16,1305896,295.36,295.40,294.85
12/23/2019,295.16,2325251,295.49,295.53,294.99
12/20/2019,296.30,4985649,295.89,296.76,295.78
12/19/2019,294.80,2333488,293.78,294.88,293.75
12/18/2019,293.58,3295366,294.02,294.22,293.57
12/17/2019,293.56,3659229,293.99,294.19,293.50
12/16/2019,293.50,3142450,293.26,294.11,293.22
12/13/2019,291.44,3520501,291.09,292.76,290.30
12/12/2019,291.33,3277393,288.85,292.1014,288.61
12/11/2019,288.79,1836430,288.45,289.08,288.08
12/10/2019,288.04,1823558,288.31,288.938,287.35
12/09/2019,288.31,1480344,288.87,289.52,288.27
12/06/2019,289.19,1609493,288.58,289.65,288.5456
12/05/2019,286.64,1597255,286.83,286.83,285.29
12/04/2019,286.11,3189831,285.41,286.70,285.07
12/03/2019,284.29,3250267,283.52,284.43,282.10
12/02/2019,286.30,4422919,289.03,289.03,285.84
11/29/2019,288.65,1988460,289.25,289.48,288.48
11/27/2019,289.76,1640995,289.06,289.78,288.7599
11/26/2019,288.40,1802937,287.91,288.68,287.57
11/25/2019,287.82,2048149,286.60,287.84,286.57
11/22/2019,285.65,1266929,285.75,285.86,284.60
11/21/2019,285.02,2311352,285.52,285.64,284.165
11/20/2019,285.46,2826599,285.91,286.4197,283.89
11/19/2019,286.47,3299986,287.24,287.24,285.875
11/18/2019,286.61,2288428,286.18,286.85,285.71
11/15/2019,286.43,1892548,285.64,286.43,285.00
11/14/2019,284.31,2251206,283.64,284.40,282.99
11/13/2019,283.93,1729194,282.83,284.3163,282.59
11/12/2019,283.81,1737575,283.58,284.72,283.03
11/11/2019,283.25,1125769,282.43,283.371,282.24
11/08/2019,283.80,2329606,282.74,283.80,282.00
11/07/2019,283.11,2695973,283.46,284.23,282.58
11/06/2019,282.11,1458275,282.04,282.34,281.12
11/05/2019,281.96,3003725,282.58,282.8198,281.71
11/04/2019,282.32,3803528,282.79,282.90,281.96
11/01/2019,281.20,2367883,280.05,281.21,279.91
10/31/2019,278.55,2313622,279.35,279.35,277.15
10/30/2019,279.45,1819408,278.69,279.69,277.38
10/29/2019,278.47,1599619,278.32,279.43,278.1844
10/28/2019,278.65,1802458,278.22,279.07,278.22
10/25/2019,277.04,5502238,275.33,277.54,275.28
10/24/2019,275.89,2222151,276.38,276.505,275.05
10/23/2019,275.44,1298691,274.41,275.48,274.179
10/22/2019,274.63,1602697,276.09,276.33,274.52
10/21/2019,275.60,3018431,275.05,275.72,274.57
10/18/2019,273.69,1154897,274.36,274.9671,272.81
10/17/2019,274.82,3103315,275.24,275.72,274.185
10/16/2019,274.08,1153444,274.07,274.73,273.62
10/15/2019,274.51,1793824,272.87,275.25,272.77
10/14/2019,271.88,1216514,271.79,272.45,271.48
10/11/2019,272.13,2811812,272.10,274.35,271.94
10/10/2019,269.32,1575089,267.42,270.20,267.25
10/09/2019,267.50,1967625,267.04,268.437,266.39
10/08/2019,265.03,2159834,267.28,268.0193,264.96
10/07/2019,269.21,1828719,269.56,271.16,268.90
10/04/2019,270.37,1908861,267.45,270.56,267.355
10/03/2019,266.67,2995139,264.35,266.73,261.59
10/02/2019,264.57,4471676,267.73,267.73,263.2501
10/01/2019,269.32,3729072,273.44,274.08,269.09
09/30/2019,272.60,2736186,271.82,273.265,271.7929
09/27/2019,271.26,2838430,273.56,273.59,269.723
09/26/2019,272.79,2355716,273.34,273.55,271.35
09/25/2019,274.63,2650739,273.08,275.08,271.60
09/24/2019,272.96,5128098,276.31,276.675,272.06
09/23/2019,275.24,1298102,274.59,275.8997,274.33
09/20/2019,275.05,2063030,277.18,277.41,274.50
09/19/2019,276.53,2272858,277.00,277.98,276.23
09/18/2019,276.59,2030540,276.00,276.68,273.95
09/17/2019,276.42,1791361,275.46,276.48,275.34
09/16/2019,275.67,1432383,275.38,276.10,275.04
09/13/2019,276.58,2292208,277.21,277.54,276.1542
09/12/2019,276.65,2433713,276.71,277.80,275.94
09/11/2019,275.84,2080323,274.15,275.84,273.50
09/10/2019,273.87,1870384,273.11,273.88,271.87
09/09/2019,273.81,2158794,274.80,274.825,272.96
09/06/2019,273.74,1890921,273.93,274.39,273.19
09/05/2019,273.54,1756746,272.57,274.44,272.46
09/04/2019,269.97,1486534,269.25,270.06,268.4812
09/03/2019,267.11,3370402,266.83,267.80,265.68
08/30/2019,268.60,4209570,270.15,270.215,267.6609
08/29/2019,268.71,3129402,267.91,269.23,266.90
08/28/2019,265.26,3124885,262.73,265.45,262.00
08/27/2019,263.43,2491178,265.92,266.26,262.71
08/26/2019,264.47,2272271,263.81,264.47,262.27
08/23/2019,261.57,4216363,267.19,268.84,260.33
08/22/2019,268.46,1886585,269.28,269.9104,266.70
08/21/2019,268.56,2012417,268.58,268.9289,267.92
08/20/2019,266.40,1865144,267.98,268.49,266.29
08/19/2019,268.48,1431401,268.36,269.14,267.6415
08/16/2019,265.22,2433959,263.07,265.68,263.02
08/15/2019,261.39,2783321,261.62,262.27,259.34
08/14/2019,260.57,4354779,264.56,265.15,260.57
08/13/2019,268.66,3405324,264.22,270.10,263.91
08/12/2019,264.56,2104466,266.24,266.79,263.565
08/09/2019,267.70,2616286,268.72,269.29,266.00
08/08/2019,269.58,3618814,266.00,269.59,265.40
08/07/2019,264.42,4261217,261.16,265.2299,258.9901
08/06/2019,264.24,4366766,262.53,264.47,261.055
08/05/2019,260.88,7354009,264.57,264.68,258.70
08/02/2019,268.81,5310356,269.89,270.08,267.15
08/01/2019,270.79,6920969,273.28,276.28,269.94
07/31/2019,273.08,4910040,276.39,276.61,271.07
07/30/2019,276.21,1751061,275.45,276.56,275.04
07/29/2019,276.88,2925862,277.23,277.27,276.26
07/26/2019,277.38,1796961,276.20,277.55,276.10
07/25/2019,275.41,1874216,276.41,276.41,274.68
07/24/2019,276.76,1669885,274.78,276.79,274.67
07/23/2019,275.49,1752997,274.71,275.50,273.89
07/22/2019,273.61,1304991,273.32,274.11,272.79
07/19/2019,272.95,2319545,275.52,275.54,272.70
07/18/2019,274.42,3464704,272.91,274.79,272.47
07/17/2019,273.42,1758128,275.28,275.40,273.42
07/16/2019,275.28,1564200,276.12,276.265,274.99
07/15/2019,276.18,1466344,276.53,276.55,275.71
07/12/2019,276.11,2932354,275.39,276.19,275.06
07/11/2019,274.76,2249449,274.87,275.11,273.85
07/10/2019,274.21,2853620,274.02,275.19,273.46
07/09/2019,272.94,2532925,271.40,273.22,271.34
07/08/2019,272.60,3131845,272.79,273.06,272.03
07/05/2019,273.97,3362535,273.14,274.25,271.86
07/03/2019,274.32,2335798,272.91,274.37,272.76
07/02/2019,272.23,3041654,271.47,272.25,270.62
07/01/2019,271.44,4505600,272.46,272.6501,270.30
06/28/2019,269.15,2883271,268.70,269.55,268.18
06/27/2019,267.67,2054580,267.49,268.19,267.1702
06/26/2019,268.12,2988721,269.30,269.82,268.02
06/25/2019,268.38,2287082,271.10,271.13,268.27
06/24/2019,271.06,3518370,271.59,271.9207,270.90
06/21/2019,271.41,2225992,271.53,272.79,271.17
06/20/2019,271.73,3288090,271.94,272.19,269.73
06/19/2019,269.22,1684486,268.74,269.72,267.76
06/18/2019,268.51,2340697,267.65,269.66,267.30
06/17/2019,265.86,1782613,265.94,266.56,265.62
06/14/2019,265.62,1203356,265.71,266.29,264.91
06/13/2019,266.02,1813685,265.82,266.36,265.11
06/12/2019,264.84,1712276,265.12,265.70,264.355
06/11/2019,265.34,1894531,267.25,267.65,264.69
06/10/2019,265.39,2846143,265.76,267.10,265.30
06/07/2019,264.15,1877426,262.62,265.29,262.45
06/06/2019,261.54,2277840,260.17,262.255,259.5101
06/05/2019,259.85,2646522,259.24,259.88,257.42
06/04/2019,257.67,3536293,254.48,257.76,254.03
06/03/2019,252.12,3825614,252.83,253.9597,250.77
05/31/2019,252.87,3698782,253.63,254.49,252.77
05/30/2019,256.30,2977192,256.28,257.18,255.14
05/29/2019,255.59,4593562,256.13,256.525,254.1003
05/28/2019,257.36,2566079,259.96,260.96,257.29
05/24/2019,259.69,1833053,260.595,260.99,259.06
05/23/2019,259.24,3813201,260.08,260.10,257.68
05/22/2019,262.31,3421502,262.12,263.29,261.87
05/21/2019,263.03,2760813,262.50,263.51,262.25
05/20/2019,260.82,2762623,260.90,262.1106,260.02
05/17/2019,262.61,2719513,261.89,265.02,261.86
05/16/2019,264.21,3221513,262.47,265.60,262.45
05/15/2019,261.81,2444406,258.63,262.45,258.40
05/14/2019,260.27,4702647,258.99,261.82,258.84
05/13/2019,258.03,5548217,259.37,260.34,257.07
05/10/2019,264.52,3132036,262.37,265.38,259.2732
05/09/2019,263.29,3094808,261.94,263.84,260.20
05/08/2019,264.10,2662696,264.14,265.82,263.47
05/07/2019,264.62,4752538,266.48,267.08,262.48
05/06/2019,268.98,3966927,265.65,269.36,265.31
05/03/2019,270.05,1969316,268.92,270.32,268.70
05/02/2019,267.51,3009045,267.88,268.80,265.93
05/01/2019,268.04,2669356,270.68,270.865,268.00
04/30/2019,270.01,2023837,269.56,270.31,268.11
04/29/2019,269.84,1890163,269.56,270.41,269.4616
04/26/2019,269.50,2172573,268.28,269.54,267.46
04/25/2019,268.27,1237376,268.28,268.88,266.98
04/24/2019,268.37,1391982,268.89,269.2099,268.23
04/23/2019,268.90,2617211,266.96,269.19,266.71
04/22/2019,266.60,1126442,265.56,266.71,265.47
04/18/2019,266.34,2788702,266.44,266.60,265.0817
04/17/2019,265.84,1866945,267.59,267.61,265.40
04/16/2019,266.49,2447676,267.20,267.24,265.86
04/15/2019,266.30,1584502,266.57,266.64,265.4676
04/12/2019,266.48,1903113,266.33,266.77,265.63
04/11/2019,264.69,1562621,265.24,265.24,264.09
04/10/2019,264.74,2990550,264.25,264.84,263.85
04/09/2019,263.83,2016036,264.22,264.54,263.291
04/08/2019,265.24,1719975,264.57,265.31,263.91
04/05/2019,265.01,1504787,264.42,265.06,264.124
04/04/2019,263.74,1734963,263.37,263.96,262.67
04/03/2019,263.11,1933827,263.87,264.25,262.40
04/02/2019,262.62,1511135,262.67,262.848,261.81
04/01/2019,262.53,3303846,261.46,262.7761,261.19
03/29/2019,259.54,2831125,259.34,259.72,258.18
03/28/2019,257.88,1708353,257.45,258.22,256.27
03/27/2019,256.88,2714128,258.15,258.73,255.23
03/26/2019,258.08,3174560,258.01,259.12,256.73
03/25/2019,256.23,2893077,256.09,257.28,254.95
03/22/2019,256.46,4316586,260.07,260.6099,256.37
03/21/2019,261.43,2964388,257.68,261.86,257.68
03/20/2019,259.93,3414974,260.54,261.77,258.84
03/19/2019,260.86,4058850,261.81,262.59,259.88
03/18/2019,260.78,1827635,260.00,260.99,259.77
03/15/2019,259.85,3146408,259.02,260.57,258.87
03/14/2019,258.59,1547295,258.68,259.12,258.04
03/13/2019,258.68,1972608,257.84,259.59,257.6931
03/12/2019,256.93,2271941,256.52,257.4614,256.37
03/11/2019,256.02,1878614,253.04,256.12,253.02
03/08/2019,252.34,4521387,250.88,252.45,250.34
03/07/2019,252.85,6440020,254.48,254.60,251.95
03/06/2019,254.90,2517061,256.62,256.62,254.60
03/05/2019,256.54,2472599,256.99,257.17,255.96
03/04/2019,256.84,3377619,258.87,259.10,254.49
03/01/2019,257.83,2866981,257.81,258.21,256.33
02/28/2019,256.07,2206968,256.42,256.88,255.85
02/27/2019,256.67,2136388,256.06,257.02,255.10
02/26/2019,256.80,4623025,256.55,257.643,256.41
02/25/2019,256.99,2940020,258.09,258.61,256.88
02/22/2019,256.61,2119327,255.69,256.81,255.4514
02/21/2019,255.08,2019778,255.33,255.64,254.04
02/20/2019,256.01,2156318,255.41,256.38,254.89
02/19/2019,255.42,2506672,254.15,256.09,254.15
02/15/2019,254.98,2805222,254.026,255.00,253.81
02/14/2019,252.20,3247078,251.65,253.36,250.83
02/13/2019,252.76,3566595,252.82,253.6571,252.39
02/12/2019,252.00,5978935,250.38,252.36,250.34
02/11/2019,248.78,2986015,249.28,249.513,248.22
02/08/2019,248.65,2512556,247.01,248.71,246.20
02/07/2019,248.33,3906243,249.04,249.5762,246.62
02/06/2019,250.79,2052173,250.75,251.22,249.95
02/05/2019,251.10,3613269,250.44,251.33,249.92
02/04/2019,249.99,2541031,248.30,250.02,247.5891
02/01/2019,248.22,3718439,248.31,249.29,247.455
01/31/2019,248.01,5303461,245.86,248.53,245.68
01/30/2019,245.96,6026896,243.66,246.78,242.88
01/29/2019,242.13,2428910,242.55,243.12,241.27
01/28/2019,242.43,2404126,242.09,242.49,240.63
01/25/2019,244.32,3676599,244.11,245.11,243.67
01/24/2019,242.26,2188292,241.90,242.82,240.91
01/23/2019,242.02,3075894,242.68,243.34,239.579
01/22/2019,241.66,5785053,243.39,243.58,239.97
01/18/2019,244.92,4941840,243.56,245.37,242.76
01/17/2019,241.67,3057784,239.00,242.55,238.95
01/16/2019,239.88,4065461,239.72,240.765,239.52
01/15/2019,239.35,5102836,236.97,239.585,236.97
01/14/2019,236.58,2652539,236.10,237.39,235.69
01/11/2019,237.89,2550986,236.85,238.0022,236.24
01/10/2019,238.00,2803701,235.65,238.17,234.8497
01/09/2019,237.01,4564143,236.71,237.94,235.46
01/08/2019,235.92,3544905,236.05,236.46,233.43
01/07/2019,233.65,3705182,232.29,235.23,231.32
01/04/2019,231.91,5098453,227.54,232.62,227.15
01/03/2019,224.50,3329498,228.10,228.42,223.97
01/02/2019,229.99,4885608,226.18,230.85,226.02
12/31/2018,229.81,6683814,229.31,229.97,227.45
12/28/2018,227.76,7435973,229.32,231.07,226.5171
12/27/2018,228.05,9555024,222.961,228.12,219.60
12/26/2018,225.95,11586100,216.88,226.10,214.83
12/24/2018,215.07,8493506,219.74,220.80,215.07
12/21/2018,221.16,11808780,226.74,229.46,220.57
12/20/2018,225.65,12124290,228.35,229.90,223.54
12/19/2018,229.42,8208722,233.21,237.00,227.78
12/18/2018,233.14,4689567,235.00,235.68,231.479
12/17/2018,233.23,6125471,237.06,238.22,231.68
12/14/2018,239.38,5088450,241.65,242.63,238.77
12/13/2018,243.88,2609884,244.86,245.76,242.70
12/12/2018,243.96,4116024,245.80,247.16,243.85
12/11/2018,242.62,4538281,245.95,246.12,241.19
12/10/2018,242.55,5983103,242.00,243.62,237.62
12/07/2018,242.26,3927587,247.63,249.24,241.37
12/06/2018,248.02,7708998,244.42,248.09,241.1301
12/04/2018,248.65,3831574,255.85,256.27,248.06
12/03/2018,256.61,3940445,257.65,257.74,255.06
11/30/2018,253.48,2992156,251.64,253.94,251.35
11/29/2018,251.81,3267992,251.54,253.25,250.36
11/28/2018,252.33,3722618,247.72,252.33,246.75
11/27/2018,246.57,2849623,244.73,246.60,244.12
11/26/2018,245.80,2494850,244.23,245.84,243.85
11/23/2018,242.01,830910,241.80,243.3459,241.73
11/21/2018,243.58,2424900,244.24,245.44,243.52
11/20/2018,242.77,4996078,243.84,245.32,241.83
11/19/2018,247.32,2973603,250.94,251.205,246.35
11/16/2018,251.49,2342764,249.77,252.47,249.26
11/15/2018,250.85,3903277,247.02,251.39,245.4311
11/14/2018,248.28,3617228,251.96,252.34,246.66
11/13/2018,249.99,3094258,250.96,253.01,249.28
11/12/2018,250.41,2709923,254.69,254.96,249.95
11/09/2018,255.34,3078543,256.50,256.64,253.81
11/08/2018,257.72,2466929,257.49,258.4368,256.65
11/07/2018,258.16,3089615,255.07,258.32,254.65
11/06/2018,252.82,2254059,251.18,252.975,251.1172
11/05/2018,251.23,1912051,250.32,251.792,249.39
11/02/2018,249.81,3184433,252.44,252.90,247.75
11/01/2018,251.37,2865599,249.63,251.54,248.4605
10/31/2018,248.79,4072708,248.72,251.08,248.27
10/30/2018,246.21,3617088,242.31,246.38,241.80
10/29/2018,242.50,5122453,247.03,248.3499,238.79
10/26/2018,243.76,5278686,244.34,246.98,241.035
10/25/2018,248.15,4440926,245.71,249.7864,244.6721
10/24/2018,243.78,4052772,251.19,251.55,243.25
10/23/2018,251.28,5206411,249.00,252.58,246.84
10/22/2018,252.80,2100637,254.55,254.86,252.17
10/19/2018,253.85,2684008,254.665,256.62,253.15
10/18/2018,254.05,3045837,256.754,257.35,252.69
10/17/2018,257.67,2839075,257.75,258.34,255.07
10/16/2018,257.58,3307440,254.14,258.10,253.70
10/15/2018,252.21,3303831,253.19,254.56,252.04
10/12/2018,253.60,7134586,254.39,254.64,250.2998
10/11/2018,250.22,9026969,254.81,256.2901,248.45
10/10/2018,255.60,5797025,263.62,263.62,255.37
10/09/2018,264.13,2078175,264.10,265.45,263.5492
10/08/2018,264.47,3219282,263.77,264.85,262.38
10/05/2018,264.54,2564352,266.19,266.77,263.02
10/04/2018,266.04,5003378,267.57,267.66,264.37
10/03/2018,268.24,2505430,269.02,269.47,267.72
10/02/2018,268.01,3033663,267.97,268.67,267.55
10/01/2018,268.04,1969140,268.46,269.175,267.39
09/28/2018,267.05,1774229,266.50,267.65,266.43
09/27/2018,267.08,3077279,266.876,268.24,266.60
09/26/2018,266.34,2568049,267.32,268.54,265.95
09/25/2018,268.33,2360623,269.10,269.1725,268.15
09/24/2018,268.66,2070680,268.93,269.068,268.02
09/21/2018,269.56,1352496,270.55,270.67,269.37
09/20/2018,269.75,3349316,268.89,270.10,268.79
09/19/2018,267.60,2076735,267.35,268.03,267.23
09/18/2018,267.30,1823549,266.10,267.92,266.09
09/17/2018,265.85,2513864,267.22,267.2638,265.59
09/14/2018,267.36,1860993,267.47,267.6246,266.47
09/13/2018,267.22,2087850,266.78,267.418,266.47
09/12/2018,265.71,3019320,265.61,266.26,264.83
09/11/2018,265.68,3419128,264.03,266.0499,263.68
09/10/2018,264.68,2832599,265.28,265.57,264.51
09/07/2018,264.18,2634293,263.63,265.26,263.45
09/06/2018,264.82,1686991,265.69,265.99,263.70
09/05/2018,265.60,4594806,265.91,266.13,264.52
09/04/2018,266.35,3623280,266.35,266.66,265.26
08/31/2018,266.72,3172334,266.33,267.2163,265.83
08/30/2018,266.71,2625380,267.31,267.71,266.12
08/29/2018,267.80,2115971,266.59,268.05,266.34
08/28/2018,266.34,3027095,266.76,266.83,265.89
08/27/2018,266.19,2370864,265.38,266.35,265.26
08/24/2018,264.20,2329244,263.16,264.29,263.11
08/23/2018,262.55,2307738,262.68,263.63,262.21
08/22/2018,262.93,1708048,262.64,263.45,262.39
08/21/2018,263.01,1928441,263.01,263.9732,262.86
08/20/2018,262.44,1245408,262.40,262.74,261.90
08/17/2018,261.86,2278711,260.71,262.38,260.35
08/16/2018,260.99,1692554,260.36,261.889,260.35
08/15/2018,258.89,2587660,259.43,259.55,257.39
08/14/2018,260.81,1530894,259.94,261.07,259.55
08/13/2018,259.14,3685133,260.41,261.07,258.90
08/10/2018,260.12,2394765,260.36,260.964,259.43
08/09/2018,261.90,1084117,262.33,262.74,261.76
08/08/2018,262.23,1560763,262.23,262.67,261.79
08/07/2018,262.37,2619136,262.20,262.78,262.08
08/06/2018,261.64,1842538,260.56,261.83,260.20
08/03/2018,260.66,2017544,259.60,260.66,259.39
08/02/2018,259.39,1767069,256.73,259.60,256.48
08/01/2018,258.08,1651718,258.64,259.1932,257.351
07/31/2018,258.40,1991981,258.02,259.09,257.60
07/30/2018,257.10,1601373,258.60,258.78,256.64
07/27/2018,258.59,2666731,260.73,260.74,257.58
07/26/2018,260.28,2166022,260.14,261.005,260.10
07/25/2018,261.05,2615113,258.54,261.25,258.43
07/24/2018,258.68,2916391,258.84,259.57,257.82
07/23/2018,257.47,1446456,256.73,257.61,256.40
07/20/2018,256.98,2710768,257.00,257.65,256.78
07/19/2018,257.22,2048463,257.50,257.90,256.75
07/18/2018,258.20,2606249,257.76,258.32,257.28
07/17/2018,257.73,1825862,255.85,258.06,255.80
07/16/2018,256.63,993010,256.89,257.01,256.16
07/13/2018,256.79,1814926,256.49,257.159,255.99
07/12/2018,256.57,2873700,255.66,256.66,255.01
07/11/2018,254.39,2334647,254.60,255.41,254.03
07/10/2018,256.14,1303748,255.75,256.30,255.45
07/09/2018,255.25,3979302,254.05,255.32,254.01
07/06/2018,253.01,2622351,250.91,253.39,250.52
07/05/2018,250.92,1942455,250.07,250.94,248.91
07/03/2018,248.79,1157884,250.68,250.76,248.44
07/02/2018,249.80,1942697,247.56,249.89,247.32
06/29/2018,249.51,3709089,249.98,251.36,249.10
06/28/2018,248.88,2634904,247.30,249.60,246.6304
06/27/2018,248.53,3430195,251.27,252.73,248.43
06/26/2018,250.61,2968552,250.66,251.5301,249.91
06/25/2018,250.06,6689898,252.37,252.5099,248.35
06/22/2018,253.57,3092450,254.40,254.52,253.32
06/21/2018,253.12,4029283,254.66,254.67,252.58
06/20/2018,254.71,1577464,254.97,255.37,254.32
06/19/2018,254.25,1863051,252.83,254.4565,252.42
06/18/2018,255.22,2016568,254.18,255.36,253.71
06/15/2018,255.83,2000044,255.27,256.07,254.13
06/14/2018,256.05,1913998,256.31,256.62,255.46
06/13/2018,255.31,2507525,256.53,256.77,255.23
06/12/2018,256.33,1180153,256.39,256.63,255.60
06/11/2018,255.90,2646489,255.79,256.67,255.70
06/08/2018,255.57,1517353,254.36,255.62,254.19
06/07/2018,254.77,2616054,255.37,255.70,253.88
06/06/2018,254.89,2760959,253.37,254.96,252.72
06/05/2018,252.87,1489832,252.66,253.13,251.87
06/04/2018,252.52,2031056,252.17,252.7983,251.96
06/01/2018,251.41,1953843,250.23,251.65,250.17
05/31/2018,248.79,2377584,249.99,250.30,248.28
05/30/2018,250.41,1359124,248.53,250.88,248.43
05/29/2018,247.15,4464294,248.28,249.08,245.97
05/25/2018,250.04,1654804,250.04,250.64,249.49
05/24/2018,250.67,2025335,250.74,251.00,248.76
05/23/2018,251.15,1483938,249.12,251.15,248.95
05/22/2018,250.37,1055236,251.67,251.939,250.10
05/21/2018,251.09,1263177,250.77,251.68,250.43
05/18/2018,249.26,1702950,249.53,249.85,248.89
05/17/2018,249.88,1714389,249.79,250.99,249.08
05/16/2018,250.09,2587968,249.08,250.54,249.07
05/15/2018,249.03,2600600,249.50,249.52,248.06
05/14/2018,250.75,1476645,251.12,251.76,250.21
05/11/2018,250.47,1703355,250.04,250.9164,249.48
05/10/2018,249.86,1534516,248.36,250.2002,248.25
05/09/2018,247.54,1505840,245.86,247.90,245.36
05/08/2018,245.16,1924189,244.83,245.53,243.57
05/07/2018,245.17,3124472,245.19,246.19,244.46
05/04/2018,244.41,1785209,240.25,245.055,239.8946
05/03/2018,241.21,2665256,240.88,241.8999,237.92
05/02/2018,241.78,1635557,243.21,244.02,241.36
05/01/2018,243.44,2323105,242.45,243.52,240.76
04/30/2018,242.92,2125995,245.51,246.05,242.85
04/27/2018,244.92,2178845,245.23,245.57,243.89
04/26/2018,244.66,2104648,243.22,245.47,242.77
04/25/2018,242.17,2347549,241.51,242.63,239.60
04/24/2018,241.55,3653237,245.97,246.12,240.01
04/23/2018,244.89,1471504,245.55,246.08,243.75
04/20/2018,245.00,2103703,246.95,247.13,243.97
04/19/2018,247.00,1997217,247.62,247.89,245.96
04/18/2018,248.36,1364762,248.66,249.22,247.9439
04/17/2018,248.22,2300213,247.42,248.8142,246.875
04/16/2018,245.58,2148738,245.27,246.35,244.41
04/13/2018,243.60,2887101,245.84,245.84,242.50
04/12/2018,244.28,1710966,243.71,245.25,243.47
04/11/2018,242.25,2067971,242.00,243.99,241.95
04/10/2018,243.54,2905256,242.75,244.38,241.57
04/09/2018,239.59,2954660,240.15,243.2499,239.32
04/06/2018,238.62,4931106,241.94,243.51,236.98
04/05/2018,243.99,3407580,243.90,244.89,242.80
04/04/2018,242.24,4593938,235.87,242.81,235.70
04/03/2018,239.48,3277580,237.81,240.00,235.93
04/02/2018,236.48,4688088,241.19,241.70,233.92
03/29/2018,242.08,2911327,239.85,243.61,239.08
03/28/2018,238.64,4380101,239.46,241.22,237.53
03/27/2018,239.31,3359870,244.47,245.04,237.77
03/26/2018,243.53,5526961,240.82,243.81,238.32
03/23/2018,238.09,3815252,243.74,244.52,237.92
03/22/2018,243.27,3581253,247.11,248.08,243.03
03/21/2018,249.47,2768382,249.94,252.12,249.31
03/20/2018,250.05,1983161,249.99,250.6586,249.33
03/19/2018,249.61,2708907,252.25,252.26,247.87
03/16/2018,252.99,1553556,253.23,254.08,252.97
03/15/2018,252.73,2155124,253.55,254.21,252.22
03/14/2018,252.97,2351694,255.33,255.51,252.46
03/13/2018,254.31,3078246,257.20,257.71,253.71
03/12/2018,256.00,2029093,256.64,257.25,255.583
03/09/2018,256.25,2450255,253.40,256.26,253.05
03/08/2018,251.89,3017059,251.40,252.02,250.36
03/07/2018,250.72,2729185,248.54,251.0699,248.36
03/06/2018,250.83,1912412,251.22,251.25,249.23
03/05/2018,250.20,3024459,246.02,250.7899,245.95
03/02/2018,247.36,3275983,244.24,247.86,243.331
03/01/2018,246.05,5168264,249.53,251.03,244.45
02/28/2018,249.34,2715904,253.37,253.82,249.34
02/27/2018,252.14,2941311,255.63,256.34,252.14
02/26/2018,255.40,1890796,253.56,255.50,252.99
02/23/2018,252.49,2922491,249.82,252.49,249.30
02/22/2018,248.41,3177556,249.17,250.90,247.81
02/21/2018,248.11,2784085,249.86,252.44,248.11
02/20/2018,249.42,3453118,249.995,251.51,248.60
02/16/2018,250.94,3007005,250.27,253.00,250.17
02/15/2018,250.97,2923085,249.60,250.97,246.98
02/14/2018,247.76,3648025,243.00,248.12,242.84
02/13/2018,244.56,3077228,242.63,245.00,241.97
02/12/2018,243.74,4233444,242.50,245.32,240.66
02/09/2018,240.44,9711358,239.60,242.20,232.42
02/08/2018,236.79,6964470,246.25,246.43,236.70
02/07/2018,245.93,6227126,246.71,250.28,245.92
02/06/2018,247.28,11693970,238.80,247.81,237.67
02/05/2018,242.79,8491571,251.26,253.47,241.92
02/02/2018,253.19,5530280,257.37,257.50,253.09
02/01/2018,258.73,3122033,258.29,260.12,257.95
01/31/2018,258.99,5593519,259.83,260.38,257.95
01/30/2018,258.75,6672647,259.67,260.35,258.46
01/29/2018,261.54,5141163,262.83,263.25,261.48
01/26/2018,263.36,2857116,261.33,263.37,260.97
01/25/2018,260.33,3584788,261.17,261.22,259.53
01/24/2018,260.21,2933941,261.03,261.63,259.0185
01/23/2018,260.34,2160976,259.84,260.63,259.51
01/22/2018,259.75,1605717,257.45,259.78,257.45
01/19/2018,257.68,2541142,257.15,257.69,256.53
01/18/2018,256.59,3153715,256.84,257.27,256.02
01/17/2018,256.94,1862378,255.50,257.35,254.742
01/16/2018,254.48,3714596,256.79,257.3983,253.8001
01/12/2018,255.41,2024820,254.03,255.56,253.90
01/11/2018,253.73,2279591,252.47,253.73,252.33
01/10/2018,251.87,1953381,251.51,252.17,250.82
01/09/2018,252.30,2129742,252.18,252.9425,251.91
01/08/2018,251.77,2475589,251.16,251.88,250.87
01/05/2018,251.25,2189861,250.46,251.40,249.95
01/04/2018,249.65,2917422,249.27,250.12,249.1699
01/03/2018,248.56,2917203,247.24,248.70,247.18
01/02/2018,247.09,2782060,246.15,247.09,245.7361
12/29/2017,245.29,2326598,246.76,246.77,245.03
12/28/2017,246.14,2346667,246.13,246.205,245.77
12/27/2017,245.68,1379299,245.71,246.02,245.38
12/26/2017,245.54,1491057,245.66,245.71,245.26
12/22/2017,247.01,1887410,247.09,247.13,246.44
12/21/2017,247.06,2261961,247.22,247.81,246.8159
12/20/2017,246.56,2569956,247.72,247.77,246.27
12/19/2017,246.75,3170010,247.92,247.95,246.63
12/18/2017,247.65,2086187,247.52,248.01,247.45
12/15/2017,246.12,3170286,245.15,246.55,245.065
12/14/2017,244.07,1932655,245.40,245.48,244.00
12/13/2017,245.04,1808322,245.36,245.7999,244.9701
12/12/2017,245.10,1854827,244.94,245.58,244.6901
12/11/2017,244.68,2512424,243.94,244.71,243.90
12/08/2017,243.89,1685499,243.45,243.92,243.20
12/07/2017,242.57,2669406,241.69,242.91,241.55
12/06/2017,241.77,1204971,241.45,242.26,241.33
12/05/2017,241.78,1884296,242.91,243.5799,241.6296
12/04/2017,242.64,2162181,244.70,245.07,242.59
12/01/2017,242.90,3775303,243.25,243.71,239.521
11/30/2017,243.35,5447906,242.30,244.40,242.23
11/29/2017,241.33,2440629,241.60,242.18,240.84
11/28/2017,241.42,1796472,239.59,241.48,239.44
11/27/2017,239.05,2654205,239.19,239.53,238.83
11/24/2017,239.12,1219347,239.12,239.28,238.99
11/22/2017,238.62,2143700,238.86,238.95,238.44
11/21/2017,238.79,1151503,238.06,239.00,238.00
11/20/2017,237.21,1419879,237.12,237.47,236.86
11/17/2017,236.90,1370465,237.17,237.39,236.79
11/16/2017,237.54,1072291,236.52,237.928,236.50
11/15/2017,235.53,2433133,235.74,236.2438,234.82
11/14/2017,236.74,2762623,236.44,236.85,235.64
11/13/2017,237.32,900110,236.33,237.5165,236.31
11/10/2017,237.04,1018957,236.72,237.18,236.40
11/09/2017,237.18,1644178,236.73,237.3368,235.48
11/08/2017,238.04,4710976,237.41,238.12,237.15
11/07/2017,237.69,1499080,237.89,238.22,237.11
11/06/2017,237.79,1688740,237.24,237.89,237.21
11/03/2017,237.43,1934271,236.83,237.44,236.34
11/02/2017,236.64,1905185,236.45,236.765,235.32
11/01/2017,236.54,2077841,237.03,237.39,236.13
10/31/2017,236.13,1356927,236.26,236.47,235.90
10/30/2017,235.86,1292843,236.13,236.615,235.5327
10/27/2017,236.72,2824985,235.63,236.88,235.30
10/26/2017,234.72,3297406,235.10,235.41,234.67
10/25/2017,234.50,1943399,235.30,235.41,233.291
10/24/2017,235.63,1817973,235.68,235.89,235.27
10/23/2017,235.30,1100538,236.49,236.49,235.152
10/20/2017,236.16,1296314,235.80,236.185,235.53
10/19/2017,234.99,1653619,234.03,234.99,233.6199
10/18/2017,234.87,1527797,235.06,235.09,234.68
10/17/2017,234.66,1332411,234.47,234.69,234.22
10/16/2017,234.51,1767453,234.41,234.69,234.0406
10/13/2017,234.14,1067871,234.37,234.47,234.02
10/12/2017,233.88,1079399,233.87,234.27,233.64
10/11/2017,234.24,1031461,233.74,234.24,233.60
10/10/2017,233.86,1027634,233.84,234.2526,233.29
10/09/2017,233.27,768438,233.92,233.93,232.98
10/06/2017,233.68,1101336,233.46,233.70,233.18
10/05/2017,233.90,1465127,232.86,233.93,232.76
10/04/2017,232.52,1006990,232.12,232.78,231.9766
10/03/2017,232.20,1316010,231.90,232.25,231.67
10/02/2017,231.73,1960080,231.00,231.73,230.91
09/29/2017,230.76,1726160,229.91,230.83,229.74
09/28/2017,229.94,1084001,229.36,230.01,229.29
09/27/2017,229.67,2103652,229.53,230.0631,228.5968
09/26/2017,228.78,2335044,229.09,229.32,228.53
09/25/2017,228.70,1523493,228.82,229.20,227.86
09/22/2017,229.04,1599223,228.75,229.26,228.72
09/21/2017,229.07,1899305,229.54,229.58,228.87
09/20/2017,229.72,1850312,229.68,229.78,228.63
09/19/2017,230.77,1296913,230.79,230.85,230.44
09/18/2017,230.49,1322553,230.46,230.90,230.122
09/15/2017,230.09,1419681,229.62,230.13,229.49
09/14/2017,229.77,1854080,229.47,229.94,229.31
09/13/2017,229.85,1154977,229.37,229.85,229.28
09/12/2017,229.71,1535002,229.32,229.72,229.13
09/11/2017,228.87,1607230,227.85,229.01,227.84
09/08/2017,226.40,1896850,226.45,226.9804,226.25
09/07/2017,226.75,1620299,227.13,227.13,226.342
09/06/2017,226.80,1523294,226.76,227.14,226.1915
09/05/2017,226.01,2222474,227.10,227.3507,224.98
09/01/2017,227.69,1393725,227.76,228.1079,227.51
08/31/2017,227.30,2202651,226.63,227.58,226.55
08/30/2017,225.97,1368497,224.86,226.2401,224.69
08/29/2017,224.85,1394206,223.25,225.16,223.15
08/28/2017,224.68,788332,225.16,225.21,224.19
08/25/2017,224.60,1220802,224.95,225.58,224.47
08/24/2017,224.11,1345358,225.04,225.17,223.88
08/23/2017,224.63,1463209,224.46,225.06,224.26
08/22/2017,225.40,1455546,223.72,225.60,223.69
08/21/2017,223.14,1281367,222.85,223.36,222.12
08/18/2017,222.87,2691129,223.09,224.2689,222.45
08/17/2017,223.28,3390886,226.19,226.50,223.28
08/16/2017,226.81,1529518,226.95,227.39,226.37
08/15/2017,226.45,1309472,226.84,226.87,226.10
08/14/2017,226.43,2201644,225.56,226.6654,225.56
08/11/2017,224.23,1584404,224.13,224.82,223.87
08/10/2017,223.93,3039142,226.24,226.345,223.85
08/09/2017,227.05,1534498,226.35,227.15,226.00
08/08/2017,227.18,1065063,227.34,228.62,226.73
08/07/2017,227.63,844945,227.33,227.66,227.20
08/04/2017,227.26,1039834,227.36,227.59,226.84
08/03/2017,226.88,1266382,227.18,227.18,226.55
08/02/2017,227.28,1889530,227.31,227.42,226.2873
08/01/2017,227.15,1672901,227.30,227.32,226.68
07/31/2017,226.64,3020044,227.23,227.30,226.44
07/28/2017,226.77,2364130,226.54,226.92,226.09
07/27/2017,227.03,1832975,227.75,227.78,225.65
07/26/2017,227.30,1574139,227.57,227.59,226.98
07/25/2017,227.23,1347964,227.51,227.5928,227.0199
07/24/2017,226.69,1277797,226.67,226.8334,226.2199
07/21/2017,226.77,2461780,226.36,226.78,226.11
07/20/2017,226.93,1696222,227.13,227.25,226.3995
07/19/2017,226.86,1255297,225.98,226.86,225.96
07/18/2017,225.67,3145933,225.13,225.69,224.73
07/17/2017,225.50,1176176,225.45,225.8602,225.34
07/14/2017,225.47,1642408,224.52,225.90,224.39
07/13/2017,224.45,1485723,224.16,224.61,223.89
07/12/2017,224.07,1491417,223.47,224.28,223.47
07/11/2017,222.40,1638819,222.42,222.7599,221.2193
07/10/2017,222.57,1800220,222.20,222.99,222.04
07/07/2017,222.34,2148108,221.52,222.52,221.3798
07/06/2017,220.94,2541271,222.16,222.25,220.72
07/05/2017,222.94,2042870,222.84,223.17,222.00
07/03/2017,222.55,1762460,223.09,223.53,222.47
06/30/2017,222.06,2982307,222.57,222.91,221.86
06/29/2017,221.69,4612398,223.81,223.92,220.4191
06/28/2017,223.62,2875559,222.73,223.84,222.50
06/27/2017,221.66,3476677,223.21,223.52,221.63
06/26/2017,223.44,1321646,224.00,224.4491,223.24
06/23/2017,223.37,1257512,223.12,223.65,222.72
06/22/2017,224.00,1344396,224.17,224.659,223.87
06/21/2017,224.13,1421904,224.57,224.72,223.64
06/20/2017,224.22,1365991,225.36,225.36,224.18
06/19/2017,225.70,1433388,224.73,225.765,224.62
06/16/2017,223.87,1603601,224.00,224.06,222.94
06/15/2017,223.81,2171052,222.86,223.93,222.51
06/14/2017,224.26,1885951,224.82,224.84,223.38
06/13/2017,224.50,2170673,223.99,224.57,223.6395
06/12/2017,223.41,1812635,223.21,223.48,222.51
06/09/2017,223.50,2117595,224.12,224.9298,222.10
06/08/2017,223.76,1116083,223.82,224.3079,223.24
06/07/2017,223.68,1328853,223.69,223.93,222.93
06/06/2017,223.31,1449440,223.37,223.9547,223.20
06/05/2017,223.95,1831231,223.99,224.28,223.81
06/02/2017,224.10,1857591,223.48,224.32,223.17
06/01/2017,223.40,2108668,222.14,223.45,221.86
05/31/2017,221.67,2326114,222.04,222.08,220.92
05/30/2017,221.72,1511760,221.56,221.97,221.42
05/26/2017,221.93,1196032,221.76,222.07,221.67
05/25/2017,221.92,1564670,221.425,222.24,221.21
05/24/2017,220.89,1454444,220.64,221.00,220.28
05/23/2017,220.36,1258922,220.31,220.54,219.90
05/22/2017,219.93,1859686,219.26,220.05,219.2341
05/19/2017,218.71,2436492,217.88,219.4679,217.825
05/18/2017,217.36,2894672,216.33,218.24,216.1301
05/17/2017,216.57,3499143,218.61,219.07,216.42
05/16/2017,220.48,2445253,220.88,220.94,220.00
05/15/2017,220.52,1440947,219.88,220.72,219.83
05/12/2017,219.41,1056500,219.50,219.60,219.12
05/11/2017,219.75,1855740,219.74,219.93,218.62
05/10/2017,220.20,1067127,219.76,220.22,219.55
05/09/2017,219.79,1636937,220.29,220.4857,219.44
05/08/2017,220.07,2224456,220.13,220.25,219.57
05/05/2017,220.06,1729759,219.56,220.06,219.12
05/04/2017,219.18,1439117,219.27,219.35,218.3098
05/03/2017,218.98,1649860,218.78,219.17,218.24
05/02/2017,219.20,2572989,219.29,219.38,218.77
05/01/2017,219.13,1506102,219.16,219.5729,218.65
04/28/2017,218.60,1257631,219.33,219.3399,218.43
04/27/2017,219.02,1154178,219.20,219.3567,218.47
04/26/2017,218.85,2822234,218.96,219.8979,218.81
04/25/2017,219.01,1745228,218.41,219.36,218.29
04/24/2017,217.70,2365494,217.75,217.95,217.2299
04/21/2017,215.40,2594355,215.97,216.02,214.93
04/20/2017,216.03,2734279,214.98,216.50,214.62
04/19/2017,214.28,2032370,215.31,215.70,214.06
04/18/2017,214.75,2696119,214.55,215.24,213.9775
04/17/2017,215.34,1746887,214.00,215.35,213.80
04/13/2017,213.47,1806819,214.50,215.24,213.47
04/12/2017,214.90,2002341,215.49,215.6899,214.62
04/11/2017,215.79,1780780,215.63,215.88,214.25
04/10/2017,216.06,1311871,216.06,216.88,215.50
04/07/2017,215.91,1835941,215.86,216.64,215.40
04/06/2017,216.10,1633943,215.71,216.6834,215.22
04/05/2017,215.54,2306068,216.89,217.93,215.34
04/04/2017,216.20,2481594,215.71,216.25,215.33
04/03/2017,216.08,2843846,216.51,216.69,214.74
03/31/2017,216.35,1331399,216.56,217.1097,216.35
03/30/2017,216.87,2494840,216.17,217.13,215.98
03/29/2017,216.29,1748600,215.72,216.47,215.48
03/28/2017,215.97,3056514,214.16,216.46,214.05
03/27/2017,214.38,2082833,212.87,214.72,212.62
03/24/2017,214.73,2647438,215.14,215.77,213.88
03/23/2017,214.80,2436711,214.80,216.0249,214.44
03/22/2017,215.02,2599402,214.58,215.3448,213.95
03/21/2017,215.58,3457101,219.00,219.13,215.41
03/20/2017,218.3327,1035933,218.59,218.89,217.9795
03/17/2017,218.56,1588560,219.30,219.44,218.56
03/16/2017,219.00,1710880,219.61,219.65,218.651
03/15/2017,219.37,3358621,218.13,219.85,217.87
03/14/2017,217.56,1425507,217.77,217.81,216.89
03/13/2017,218.30,1388136,218.18,218.41,217.86
03/10/2017,218.17,1819854,218.55,218.56,217.26
03/09/2017,217.41,1634713,217.33,217.836,216.4602
03/08/2017,217.18,1784348,217.95,218.20,217.07
03/07/2017,217.64,1742746,217.98,218.33,217.42
03/06/2017,218.30,1530987,218.07,218.648,217.63
03/03/2017,218.98,1765450,218.70,219.09,218.308
03/02/2017,218.86,1650637,219.99,220.02,218.75
03/01/2017,220.15,3324641,218.90,220.66,218.87
02/28/2017,217.07,2179607,217.34,217.58,216.72
02/27/2017,217.71,1942146,217.32,217.8956,217.02
02/24/2017,217.39,1637970,216.22,217.42,216.16
02/23/2017,217.13,1717164,217.54,217.54,216.30
02/22/2017,217.01,1471517,216.72,217.19,216.55
02/21/2017,217.11,1893117,216.32,217.32,216.2475
02/17/2017,215.84,1451091,214.84,215.84,214.7938
02/16/2017,215.51,1920400,215.74,215.90,214.73
02/15/2017,215.68,2046635,214.34,215.89,214.31
02/14/2017,214.59,2528131,213.55,214.59,213.16
02/13/2017,213.70,1754894,213.11,214.00,213.07
02/10/2017,212.57,1412364,212.13,212.80,212.01
02/09/2017,211.72,1237374,210.78,212.0432,210.74
02/08/2017,210.52,1096149,209.89,210.61,209.63
02/07/2017,210.25,1194286,210.65,210.8368,209.99
02/06/2017,210.20,1345515,210.12,210.5425,209.84
02/03/2017,210.64,4264490,210.08,210.73,209.77
02/02/2017,209.09,1661279,208.59,209.40,208.23
02/01/2017,209.00,2698380,209.62,209.86,208.37
01/31/2017,208.97,3787112,208.34,208.97,207.79
01/30/2017,208.98,2782343,209.48,209.52,207.88
01/27/2017,210.25,1428162,210.65,210.7579,210.03
01/26/2017,210.55,2485077,210.65,210.90,210.25
01/25/2017,210.71,2867281,209.98,210.77,209.79
01/24/2017,208.97,1938911,207.86,209.40,207.7479
01/23/2017,207.65,4585809,207.84,208.21,206.83
01/20/2017,208.13,2082660,208.14,208.70,207.56
01/19/2017,207.46,1651889,208.27,208.43,206.97
01/18/2017,208.16,1980453,208.01,208.22,207.42
01/17/2017,207.72,1690033,207.79,208.21,207.33
01/13/2017,208.46,2822526,208.18,208.78,208.13
01/12/2017,208.05,3244065,207.97,208.19,206.54
01/11/2017,208.51,5677884,207.84,208.51,207.12
01/10/2017,207.92,2189419,207.90,208.82,207.51
01/09/2017,207.95,1705172,208.34,208.48,207.885
01/06/2017,208.61,2194559,207.99,209.09,207.40
01/05/2017,207.80,2771876,207.75,208.04,207.013
01/04/2017,207.96,4622411,207.20,208.18,207.12
01/03/2017,206.74,4749963,206.68,207.33,205.56
12/30/2016,205.31,4251392,206.37,206.43,204.51
12/29/2016,206.02,1773050,206.10,206.47,205.51
12/28/2016,206.06,2227968,208.00,208.07,205.91
12/27/2016,207.70,1817907,207.48,208.15,207.48
12/23/2016,207.19,1279239,206.98,207.22,206.77
12/22/2016,207.01,1863715,207.16,207.24,206.50
12/21/2016,208.57,1545971,209.06,209.20,208.57
12/20/2016,209.14,3194996,208.92,209.3099,208.6768
12/19/2016,208.34,2041659,208.10,208.80,207.9274
12/16/2016,207.87,3073336,208.82,208.84,207.55
12/15/2016,208.23,2809003,207.72,209.2299,207.58
12/14/2016,207.46,4232911,208.84,209.59,206.98
12/13/2016,209.19,2670042,208.53,209.70,208.47
12/12/2016,207.77,2419249,207.92,208.42,207.3359
12/09/2016,208.00,1971879,207.02,208.03,206.98
12/08/2016,206.74,2972955,206.25,207.27,205.95
12/07/2016,206.20,2253230,203.45,206.32,203.30
12/06/2016,203.62,2412897,203.17,203.63,202.64
12/05/2016,202.91,2070675,202.64,203.30,202.415
12/02/2016,201.75,2119016,201.70,202.23,201.35
12/01/2016,201.61,3281407,202.68,202.71,201.24
11/30/2016,202.40,2359018,203.53,203.692,202.31
11/29/2016,202.86,1689608,202.51,203.35,202.17
11/28/2016,202.54,2192930,203.07,203.37,202.345
11/25/2016,203.50,1843091,203.08,203.50,202.96
11/23/2016,202.69,1465575,202.14,202.71,201.7724
11/22/2016,202.51,2773330,202.51,202.73,201.7741
11/21/2016,202.14,2641114,201.25,202.18,201.11
11/18/2016,200.66,1668283,201.16,201.32,200.44
11/17/2016,201.02,1176827,200.21,201.13,200.12
11/16/2016,200.07,1195176,199.78,200.29,199.65
11/15/2016,200.41,2528093,199.29,200.42,199.0702
11/14/2016,198.80,2651089,199.30,199.49,198.06
11/11/2016,198.77,1921463,198.42,198.96,197.70
11/10/2016,199.14,5121781,199.53,200.44,197.61
11/09/2016,198.68,6118894,194.94,199.3399,194.92
11/08/2016,196.58,3048539,195.31,197.18,195.0233
11/07/2016,195.68,2698839,194.17,195.74,194.01
11/04/2016,191.48,2221546,191.80,192.71,191.32
11/03/2016,191.74,1512147,192.79,193.00,191.39
11/02/2016,192.49,3395490,193.42,193.81,192.10
11/01/2016,193.77,2456360,195.52,195.54,192.45
10/31/2016,195.13,1816103,195.49,195.74,194.9801
10/28/2016,195.13,2632032,195.71,196.40,194.40
10/27/2016,195.75,1635359,197.04,197.07,195.65
10/26/2016,196.27,1202296,195.76,196.86,195.53
10/25/2016,196.71,1464904,197.13,197.39,196.48
10/24/2016,197.27,816961,197.37,197.65,196.95
10/21/2016,196.47,1376361,195.54,196.57,195.38
10/20/2016,196.42,1309796,196.37,196.97,195.70
10/19/2016,196.74,1041360,196.49,197.08,196.1297
10/18/2016,196.20,1263381,196.70,196.76,195.82
10/17/2016,195.05,1323158,195.64,195.9273,194.81
10/14/2016,195.63,1218830,196.65,197.12,195.61
10/13/2016,195.58,2406168,194.83,196.11,193.92
10/12/2016,196.21,1458672,196.12,196.74,195.5876
10/11/2016,195.96,2642814,198.00,198.07,195.19
10/10/2016,198.37,1297401,198.44,198.95,198.31
10/07/2016,197.46,1795140,198.42,198.60,196.651
10/06/2016,198.19,1113392,197.74,198.34,197.16
10/05/2016,197.96,1126748,197.77,198.44,197.72
10/04/2016,197.14,2846569,198.25,198.47,196.48
10/03/2016,198.06,2134531,198.18,198.35,197.45
09/30/2016,198.69,3147403,198.01,199.34,197.75
09/29/2016,197.11,2062403,198.71,199.11,196.54
09/28/2016,198.98,1419899,198.18,199.07,197.13
09/27/2016,197.91,1468015,196.53,198.01,196.16
09/26/2016,196.71,2451566,197.47,197.60,196.50
09/23/2016,198.29,1413559,198.98,199.1098,198.22
09/22/2016,199.36,2215193,199.26,199.71,198.98
09/21/2016,198.17,2238673,196.69,198.34,195.98
09/20/2016,195.97,1293885,196.86,197.03,195.93
09/19/2016,195.95,2061150,196.63,197.2848,195.64
09/16/2016,195.89,1774200,196.02,196.19,195.17
09/15/2016,196.66,1874417,194.51,197.07,194.37
09/14/2016,194.66,2966319,194.83,196.1199,194.12
09/13/2016,194.78,3361848,196.25,196.51,194.12
09/12/2016,198.48,2800160,194.88,198.95,194.80
09/09/2016,195.68,3430638,199.08,199.18,195.67
09/08/2016,200.52,2180474,200.62,200.9199,200.19
09/07/2016,200.99,1455442,200.82,201.15,200.32
09/06/2016,201.00,1589599,200.69,201.04,199.92
09/02/2016,200.37,1555772,200.41,200.83,199.78
09/01/2016,199.48,2196083,199.50,199.79,198.24
08/31/2016,199.52,2343858,199.70,199.82,198.65
08/30/2016,200.01,1407317,200.28,200.57,199.4476
08/29/2016,200.39,1140577,199.53,200.6453,199.49
08/26/2016,199.38,2890614,199.96,201.05,198.44
08/25/2016,199.76,1262644,199.48,200.21,199.3316
08/24/2016,199.92,1160458,200.78,200.87,199.46
08/23/2016,200.89,1214451,201.18,201.51,200.86
08/22/2016,200.52,880385,200.30,200.75,199.88
08/19/2016,200.54,1190807,200.34,200.72,199.81
08/18/2016,200.82,5211151,200.37,200.86,200.25
08/17/2016,200.34,3157676,200.05,200.53,199.1401
08/16/2016,200.01,1729275,200.61,200.66,200.00
08/15/2016,201.05,1051234,200.89,201.41,200.85
08/12/2016,200.47,1718942,200.32,200.70,200.04
08/11/2016,200.67,1645006,200.31,200.89,199.995
08/10/2016,199.69,1221289,200.34,200.395,199.33
08/09/2016,200.20,1821096,200.19,200.73,199.86
08/08/2016,200.07,1440049,200.41,200.5099,199.79
08/05/2016,200.17,1818582,199.34,200.2216,199.19
08/04/2016,198.57,1384740,198.50,198.90,198.05
08/03/2016,198.38,2057504,197.74,198.42,197.3961
08/02/2016,197.81,4085790,198.79,198.94,196.88
08/01/2016,199.05,2111471,199.33,199.71,198.58
07/29/2016,199.28,1758641,198.63,199.60,198.32
07/28/2016,198.93,937204,198.49,199.21,197.975
07/27/2016,198.71,2120153,199.29,199.34,197.85
07/26/2016,198.84,1405321,198.70,199.25,197.9745
07/25/2016,198.85,1172616,199.10,199.17,198.17
07/22/2016,199.33,1678985,198.62,199.38,198.30
07/21/2016,198.41,4509727,199.07,199.32,197.97
07/20/2016,199.16,1096590,198.92,199.44,198.41
07/19/2016,198.36,1003296,198.13,198.39,197.88
07/18/2016,198.58,1154924,198.15,198.74,197.90
07/15/2016,198.01,2346463,198.93,198.93,197.56
07/14/2016,198.31,3690912,198.58,198.80,197.89
07/13/2016,197.16,2767309,197.69,197.69,196.685
07/12/2016,197.23,2355828,196.84,197.54,196.59
07/11/2016,195.85,3590430,195.62,196.41,195.41
07/08/2016,195.17,2048546,193.63,195.36,193.41
07/07/2016,192.25,1704943,192.56,193.26,191.4377
07/06/2016,192.38,2197818,190.71,192.49,189.97
07/05/2016,191.25,2231597,191.73,191.82,190.57
07/01/2016,192.60,2170963,192.09,193.12,192.07
06/30/2016,192.20,3821977,190.13,192.24,189.5276
06/29/2016,189.64,4147566,187.95,189.86,187.86
06/28/2016,186.43,4474687,184.87,186.44,184.53
06/27/2016,183.05,7718752,185.06,185.06,182.27
06/24/2016,186.56,10310110,187.00,189.82,186.00
06/23/2016,193.39,2576541,192.52,193.44,192.00
06/22/2016,190.92,2240564,191.45,192.21,190.775
06/21/2016,191.24,1824423,191.15,191.65,190.65
06/20/2016,191.65,1192213,192.56,193.26,191.564
06/17/2016,190.43,1700645,191.10,191.10,189.73
06/16/2016,191.14,2744398,189.60,191.33,188.57
06/15/2016,190.52,1590651,191.26,191.96,190.36
06/14/2016,190.80,2050387,190.83,191.4502,189.80
06/13/2016,191.22,2315547,192.03,192.97,191.12
06/10/2016,192.67,1932075,193.07,193.4299,192.1172
06/09/2016,194.54,1521518,194.02,194.6899,193.75
06/08/2016,194.84,1041126,194.34,194.95,194.21
06/07/2016,194.20,1551220,194.05,194.78,194.015
06/06/2016,193.85,1177575,193.29,194.24,193.12
06/03/2016,192.92,1897245,192.85,193.26,191.59
06/02/2016,193.48,1601658,192.45,193.48,191.92
06/01/2016,192.90,2373135,191.88,193.06,191.63
05/31/2016,192.54,2818317,193.16,193.27,191.88
05/27/2016,192.77,988553,192.19,192.83,192.16
05/26/2016,192.02,1222786,192.14,192.36,191.68
05/25/2016,191.93,2006673,191.38,192.42,191.36
05/24/2016,190.63,1985454,189.13,191.01,189.08
05/23/2016,188.24,1415351,188.48,188.78,188.02
05/20/2016,188.49,1588695,187.97,189.05,187.90
05/19/2016,187.32,1795171,187.15,187.59,185.97
05/18/2016,187.93,1937226,187.50,189.20,186.7776
05/17/2016,187.96,3322895,189.35,189.65,187.33
05/16/2016,189.63,1075169,187.98,190.16,187.93
05/13/2016,187.76,1658717,189.10,189.71,187.46
05/12/2016,189.51,1783364,190.14,190.2889,188.36
05/11/2016,189.40,2724909,190.71,191.07,189.39
05/10/2016,191.19,1020385,189.61,191.21,189.54
05/09/2016,188.85,1552334,188.55,189.27,188.36
05/06/2016,188.65,1551415,187.21,188.7199,187.00
05/05/2016,187.97,1609522,188.57,188.90,187.5711
05/04/2016,187.99,2079084,187.99,188.78,187.47
05/03/2016,189.10,2347987,189.44,189.66,188.28
05/02/2016,190.73,1637728,189.81,190.95,189.34
04/29/2016,189.22,2785562,189.62,189.975,188.05
04/28/2016,190.30,1573732,191.22,192.40,189.8495
04/27/2016,192.03,1971845,191.21,192.44,190.80
04/26/2016,191.63,1709342,191.72,192.16,191.14
04/25/2016,191.35,2366327,191.07,191.36,190.35
04/22/2016,191.66,1863671,191.30,191.94,190.69
04/21/2016,191.61,1814185,192.70,192.82,191.37
04/20/2016,192.68,1636809,192.60,193.43,192.05
04/19/2016,192.52,1633234,192.36,192.78,191.6401
04/18/2016,191.94,2345283,189.99,191.94,189.85
04/15/2016,190.56,2059711,190.80,190.85,190.22
04/14/2016,190.77,3214759,190.84,191.31,190.41
04/13/2016,190.79,1971372,189.88,190.85,189.71
04/12/2016,188.90,1591097,187.29,189.1799,186.83
04/11/2016,187.08,1354533,188.26,188.99,187.03
04/08/2016,187.57,2043818,188.31,188.774,186.99
04/07/2016,187.06,2628239,188.17,188.50,186.26
04/06/2016,189.29,1856333,187.39,189.38,187.09
04/05/2016,187.25,1737537,187.74,188.21,187.00
04/04/2016,189.17,1258004,189.74,189.90,188.83
04/01/2016,189.77,2971762,187.40,189.96,187.10
03/31/2016,188.56,3007818,188.85,189.29,188.32
03/30/2016,189.01,1907700,189.17,189.72,188.58
03/29/2016,188.22,1604848,185.99,188.22,185.63
03/28/2016,186.43,1271260,186.76,186.94,185.92
03/24/2016,186.30,1874837,185.25,186.32,185.01
03/23/2016,186.43,1633330,187.18,187.36,186.18
03/22/2016,187.63,1520631,186.89,188.21,186.71
03/21/2016,187.73,1534929,187.18,187.94,186.91
03/18/2016,188.45,2623349,188.35,188.79,187.91
03/17/2016,187.75,1937606,186.42,188.235,186.00
03/16/2016,186.57,2700654,184.88,186.93,184.86
03/15/2016,185.46,1325297,184.70,185.46,184.42
03/14/2016,185.70,1412806,185.40,186.20,185.07
03/11/2016,185.98,2231094,184.57,186.01,184.46
03/10/2016,183.01,2089526,183.38,184.39,181.03
03/09/2016,182.91,1641079,182.85,183.22,182.01
03/08/2016,181.91,3384371,182.83,183.33,181.78
03/07/2016,183.98,3449325,182.85,184.389,182.75
03/04/2016,183.78,2820858,183.45,184.66,182.55
03/03/2016,183.19,3151173,182.27,183.23,181.70
03/02/2016,182.52,3839271,181.36,182.54,180.908
03/01/2016,181.75,3040855,178.84,181.75,178.33
02/29/2016,177.38,3125830,178.94,179.95,177.38
02/26/2016,178.98,2560772,180.20,180.36,178.74
02/25/2016,179.31,2546042,177.70,179.31,176.83
02/24/2016,177.18,2599802,174.79,177.45,173.60
02/23/2016,176.35,2075395,177.92,178.19,176.22
02/22/2016,178.59,2602993,177.78,178.75,177.71
02/19/2016,176.07,1136909,175.28,176.20,174.6499
02/18/2016,176.11,1646148,177.20,177.22,175.80
02/17/2016,176.86,2264999,175.32,177.25,175.1248
02/16/2016,174.01,2360975,173.20,174.01,172.05
02/12/2016,171.14,1800434,169.54,171.14,168.6999
02/11/2016,167.70,3436276,167.26,168.72,166.05
02/10/2016,169.88,1952905,170.93,172.65,169.72
02/09/2016,169.99,2360700,168.18,171.3699,167.97
02/08/2016,169.94,3402016,170.29,170.6196,167.62
02/05/2016,172.31,2371990,175.04,175.19,171.65
02/04/2016,175.61,3562207,174.95,176.70,174.23
02/03/2016,175.39,3871039,175.47,175.81,171.57
02/02/2016,174.37,5101168,175.86,176.09,173.80
02/01/2016,177.59,3920843,176.61,178.39,175.91
01/29/2016,177.75,4453035,174.34,177.75,174.08
01/28/2016,173.36,2616488,174.13,174.3516,171.65
01/27/2016,172.42,3538849,173.89,175.62,171.501
01/26/2016,174.40,2263672,172.85,174.66,172.39
01/25/2016,172.07,2756649,174.10,174.33,171.8277
01/22/2016,174.66,2609834,174.03,174.86,173.18
01/21/2016,171.15,3002510,170.79,173.14,169.33
01/20/2016,170.32,8576978,169.59,171.88,165.96
01/19/2016,172.34,5863305,174.20,174.2899,170.72
01/15/2016,172.15,8087103,171.20,173.0585,170.10
01/14/2016,175.92,5081372,173.79,177.18,172.06
01/13/2016,173.11,4125222,178.43,178.64,172.72
01/12/2016,177.45,2997949,177.75,178.36,175.26
01/11/2016,175.99,4481249,177.04,177.32,174.06
01/08/2016,175.97,7356661,178.965,179.53,175.65
01/07/2016,177.86,4838279,179.15,181.00,177.50
01/06/2016,182.30,2755089,181.93,183.38,181.19
01/05/2016,184.64,2882479,184.57,185.115,183.43
01/04/2016,184.31,4193516,183.77,184.32,182.08
12/31/2015,186.93,2395233,188.12,188.76,186.93
12/30/2015,188.80,2535857,189.97,189.986,188.67
12/29/2015,190.20,1757106,189.43,190.5099,189.34
12/28/2015,188.10,2668291,187.85,188.18,187.00
12/24/2015,188.51,1171195,188.69,189.17,188.34
12/23/2015,188.84,2275458,187.75,188.94,187.57
12/22/2015,186.60,2423076,185.85,186.89,184.80
12/21/2015,184.93,2168689,184.74,185.07,183.47
12/18/2015,184.40,4531140,186.95,187.08,184.40
12/17/2015,187.89,3095714,191.14,191.16,187.82
12/16/2015,190.67,6359558,189.28,191.08,187.70
12/15/2015,188.03,3799311,187.75,188.96,187.53
12/14/2015,186.09,2718343,185.32,186.09,183.31
12/11/2015,184.98,3084158,186.44,187.15,184.75
12/10/2015,188.74,4083791,188.50,190.18,188.10
12/09/2015,188.31,4500273,189.12,191.32,187.20
12/08/2015,189.73,1721657,189.25,190.72,188.67
12/07/2015,190.95,1752945,191.88,191.88,189.98
12/04/2015,192.16,2900787,188.99,192.52,188.84
12/03/2015,188.46,2724471,191.56,191.75,187.73
12/02/2015,191.18,1999616,193.18,193.4462,190.92
12/01/2015,193.22,1812918,192.05,193.30,191.78
11/30/2015,191.37,1550956,192.45,192.47,191.24
11/27/2015,192.15,894462,192.08,192.38,191.50
11/25/2015,191.96,758701,192.15,192.3099,191.67
11/24/2015,192.02,1571991,190.63,192.38,190.18
11/23/2015,191.71,1308110,191.89,192.538,191.20
11/20/2015,191.93,1317636,192.01,192.66,191.50
11/19/2015,191.22,2155031,191.30,191.68,190.90
11/18/2015,191.32,2858619,188.91,191.51,188.89
11/17/2015,188.29,1879921,188.86,189.79,187.834
11/16/2015,188.52,1687079,185.50,188.55,185.36
11/13/2015,185.67,3223790,187.35,187.62,185.58
11/12/2015,187.84,2454679,189.36,189.81,187.78
11/11/2015,190.39,1114337,191.48,191.55,190.39
11/10/2015,191.12,1257459,190.26,191.25,189.91
11/09/2015,190.76,2127809,191.89,192.01,189.75
11/06/2015,192.56,2172599,192.26,192.83,191.118
11/05/2015,192.64,2185094,192.99,193.437,191.71
11/04/2015,192.88,1786682,193.77,193.90,192.2765
11/03/2015,193.43,3920095,192.54,194.06,192.28
11/02/2015,192.82,2403261,190.98,193.09,190.85
10/30/2015,190.56,2011559,191.82,192.00,190.56
10/29/2015,191.53,1779006,191.04,191.854,190.89
10/28/2015,191.60,2251895,189.84,191.60,189.06
10/27/2015,189.40,1442405,189.08,189.758,188.65
10/26/2015,189.77,1150450,190.11,190.12,189.39
10/23/2015,190.22,1624328,190.00,190.63,189.14
10/22/2015,188.17,1498286,186.02,188.383,185.97
10/21/2015,184.97,1556681,186.79,186.81,184.86
10/20/2015,186.18,1151189,186.02,186.8699,185.70
10/19/2015,186.42,768898,185.66,186.43,185.31
10/16/2015,186.20,1241247,185.92,186.34,185.1241
10/15/2015,185.45,2521946,183.40,185.494,183.02
10/14/2015,182.71,1184012,183.45,184.13,182.39
10/13/2015,183.57,1022226,183.98,185.31,183.39
10/12/2015,184.80,885090,184.68,184.93,184.18
10/09/2015,184.58,1651032,184.66,185.08,183.91
10/08/2015,184.48,3109451,182.44,184.78,182.08
10/07/2015,182.87,1693811,182.40,183.19,181.05
10/06/2015,181.35,1325351,181.88,182.408,180.59
10/05/2015,181.96,2049140,180.14,182.18,180.00
10/02/2015,178.75,2307155,174.00,178.75,173.35
10/01/2015,176.20,3948423,175.97,176.43,174.00
09/30/2015,175.71,4123433,174.56,175.84,173.67
09/29/2015,172.40,3219419,172.67,173.92,171.3601
09/28/2015,172.31,3732757,175.86,175.87,172.02
09/25/2015,176.76,3436258,178.48,178.71,175.83
09/24/2015,176.88,2561648,176.05,177.31,174.69
09/23/2015,177.43,1670239,177.99,178.45,176.85
09/22/2015,177.75,2468477,177.80,178.249,176.54
09/21/2015,180.10,1467587,180.15,181.20,178.94
09/18/2015,180.13,3205046,180.41,182.04,179.69
09/17/2015,183.09,3106218,183.40,185.99,182.74
09/16/2015,183.57,2098872,182.34,183.72,181.91
09/15/2015,181.98,1641523,180.22,182.42,179.77
09/14/2015,179.64,905324,180.58,180.58,179.18
09/11/2015,180.32,2184960,179.09,180.42,178.33
09/10/2015,179.57,1774435,178.25,180.78,178.0657
09/09/2015,178.57,2125544,182.80,182.85,178.17
09/08/2015,181.01,2247956,179.67,181.15,178.92
09/04/2015,176.49,2317653,176.88,177.69,175.64
09/03/2015,179.27,2420172,179.96,181.5401,178.71
09/02/2015,179.12,2423477,178.48,179.13,176.40
09/01/2015,175.58,8530403,177.11,178.50,174.83
08/31/2015,181.11,1921782,181.68,182.54,180.60
08/28/2015,182.72,2944966,181.97,183.19,181.43
08/27/2015,182.72,7168362,180.80,182.80,178.942
08/26/2015,178.36,7085026,176.23,178.51,172.68
08/25/2015,171.55,8124928,179.16,179.80,171.37
08/24/2015,173.66,12324760,172.00,179.54,168.08
08/21/2015,181.04,6144482,185.08,186.03,181.04
08/20/2015,186.97,4195268,189.36,189.9268,186.95
08/19/2015,190.98,1771931,191.78,192.55,190.12
08/18/2015,192.50,1023800,192.84,193.16,192.28
08/17/2015,193.09,1926335,191.42,193.09,190.86
08/14/2015,192.02,742451,191.12,192.08,190.98
08/13/2015,191.28,1155942,191.42,192.12,190.77
08/12/2015,191.49,3758708,189.88,191.76,188.30
08/11/2015,191.32,4996313,191.64,192.04,190.50
08/10/2015,193.09,1346700,191.90,193.15,191.90
08/07/2015,190.67,1853704,190.88,190.985,189.69
08/06/2015,191.17,1320992,192.77,192.93,190.39
08/05/2015,192.64,1369652,193.04,193.75,192.31
08/04/2015,191.97,1601650,192.35,192.76,191.4577
08/03/2015,192.35,3080598,193.00,193.01,191.33
07/31/2015,192.95,1437242,193.92,193.92,192.7087
07/30/2015,193.28,924412,192.77,193.48,192.02
07/29/2015,193.25,2471134,192.07,193.50,191.91
07/28/2015,191.89,931309,190.59,192.10,189.63
07/27/2015,189.59,1745268,189.78,190.316,189.15
07/24/2015,190.67,1589133,192.86,192.89,190.36
07/23/2015,192.68,899266,194.00,194.03,192.34
07/22/2015,193.79,1193774,193.38,194.1599,193.38
07/21/2015,194.17,764182,194.82,195.05,193.86
07/20/2015,194.94,1103313,195.09,195.46,194.60
07/17/2015,194.85,871193,194.68,194.92,194.24
07/16/2015,194.62,949103,194.31,194.67,194.051
07/15/2015,193.14,1174558,193.29,193.73,192.6201
07/14/2015,193.22,1128915,192.37,193.53,192.2711
07/13/2015,192.37,1026105,191.59,192.48,191.58
07/10/2015,190.24,1647655,190.18,190.71,189.35
07/09/2015,187.85,2223693,189.90,190.1289,187.83
07/08/2015,187.51,1873992,189.36,189.59,187.31
07/07/2015,190.75,3507295,189.86,190.90,187.19
07/06/2015,189.58,1741085,188.72,190.40,188.48
07/02/2015,190.13,3087103,190.85,191.00,189.68
07/01/2015,190.27,2782176,190.65,190.75,189.45
06/30/2015,188.84,2679412,190.18,190.18,188.24
06/29/2015,188.35,2746409,190.78,191.43,188.26
06/26/2015,192.42,1631894,192.82,193.07,191.7985
06/25/2015,192.42,2287598,193.51,193.69,192.36
06/24/2015,193.02,2160326,194.18,194.52,192.99
06/23/2015,194.41,1727223,194.48,194.76,194.00
06/22/2015,194.27,1027028,194.37,194.92,194.0501
06/19/2015,193.85,691383,194.80,194.85,193.85
06/18/2015,194.98,1041566,193.61,195.53,193.60
06/17/2015,193.07,1170581,193.06,193.69,191.95
06/16/2015,192.74,819781,191.50,192.81,191.34
06/15/2015,191.62,1392599,191.22,191.97,190.47
06/12/2015,192.51,2147740,193.01,193.22,192.21
06/11/2015,193.93,724395,193.95,194.37,193.63
06/10/2015,193.33,1247688,191.96,193.78,191.88
06/09/2015,191.06,1464800,191.10,191.65,190.3702
06/08/2015,191.11,1130127,192.17,192.3194,191.02
06/05/2015,192.30,1567766,192.48,193.02,191.58
06/04/2015,192.69,1383350,193.52,194.13,192.28
06/03/2015,194.27,1213846,194.31,194.93,193.74
06/02/2015,193.74,1094354,193.43,194.5037,192.75
06/01/2015,193.94,1157378,194.23,194.635,193.09
05/29/2015,193.49,1530932,194.67,194.72,193.25
05/28/2015,194.76,1114537,194.66,194.8674,194.00
05/27/2015,194.94,1420085,193.66,195.24,193.30
05/26/2015,193.16,1235326,194.73,194.77,192.70
05/22/2015,195.26,831438,195.31,195.75,195.1866
05/21/2015,195.69,756214,195.05,195.925,194.83
05/20/2015,195.10,3401278,195.37,195.95,194.80
05/19/2015,195.23,980437,195.44,195.77,194.96
05/18/2015,195.33,984487,194.63,195.62,194.48
05/15/2015,194.73,718961,194.68,194.875,194.22
05/14/2015,194.53,902299,193.64,194.6002,193.33
05/13/2015,192.52,589009,192.96,193.61,192.26
05/12/2015,192.46,1852662,192.15,193.07,191.23
05/11/2015,193.02,1090083,193.93,194.20,192.9601
05/08/2015,193.95,1322903,193.30,194.18,193.23
05/07/2015,191.44,1320567,190.59,191.90,190.24
05/06/2015,190.67,1588079,192.09,192.39,189.53
05/05/2015,191.44,1138317,193.40,193.80,191.33
05/04/2015,193.70,1060020,193.64,194.31,193.50
05/01/2015,193.10,1921248,191.96,193.18,191.85
04/30/2015,191.10,2505712,192.40,192.80,190.32
04/29/2015,193.02,1408897,192.81,193.66,192.1356
04/28/2015,193.81,1103795,193.17,193.85,191.9399
04/27/2015,193.21,898239,194.63,194.74,193.00
04/24/2015,193.98,978254,194.02,194.29,193.52
04/23/2015,193.59,956125,192.65,194.26,192.50
04/22/2015,193.09,1124689,192.49,193.28,191.50
04/21/2015,192.14,1089492,193.11,193.26,191.80
04/20/2015,192.33,1430136,191.67,192.70,191.55
04/17/2015,190.59,2059232,191.53,191.77,189.75
04/16/2015,192.83,823270,192.55,193.37,192.30
04/15/2015,192.90,934925,192.54,193.42,192.45
04/14/2015,192.02,2647824,191.42,192.2199,190.77
04/13/2015,191.67,1227788,192.36,193.04,191.60
04/10/2015,192.54,1056763,191.74,192.57,191.54
04/09/2015,191.49,794262,190.45,191.71,189.96
04/08/2015,190.66,1411978,190.24,191.06,189.805
04/07/2015,189.97,1371349,190.48,191.33,189.97
04/06/2015,190.48,1242231,188.23,191.04,188.09
04/02/2015,189.15,1803499,188.47,189.69,188.27
04/01/2015,188.59,3379685,189.17,189.17,187.47
03/31/2015,189.20,2765151,189.98,191.78,189.1655
03/30/2015,190.88,1414582,189.75,191.19,189.72
03/27/2015,188.53,1836963,188.04,188.7787,187.83
03/26/2015,188.14,1906113,187.88,189.15,187.15
03/25/2015,188.61,1216458,191.64,191.87,188.57
03/24/2015,191.40,1587665,192.38,192.85,191.33
03/23/2015,192.52,704770,192.85,193.49,192.49
03/20/2015,193.85,1350135,193.19,194.39,193.13
03/19/2015,192.11,1371972,192.56,192.85,191.745
03/18/2015,193.00,2287408,190.17,193.76,189.49
03/17/2015,190.73,1460929,190.48,191.13,189.83
03/16/2015,191.38,1054150,189.59,191.38,189.55
03/13/2015,188.80,1792236,189.68,189.79,187.62
03/12/2015,189.96,2313157,188.21,190.00,188.20
03/11/2015,187.54,1857393,188.26,188.47,187.47
03/10/2015,187.98,2390401,189.57,189.632,187.97
03/09/2015,191.12,1131634,190.52,191.47,190.42
03/06/2015,190.31,1815581,192.00,192.55,189.94
03/05/2015,193.04,1135657,193.15,193.33,192.48
03/04/2015,192.83,1497509,193.00,193.05,191.73
03/03/2015,193.64,1388004,193.96,194.021,192.69
03/02/2015,194.47,1016560,193.31,194.47,193.30
02/27/2015,193.20,966523,193.77,194.05,193.19
02/26/2015,193.87,994201,193.99,194.15,193.21
02/25/2015,194.09,1983556,194.14,194.65,193.71
02/24/2015,194.30,1244117,193.69,194.49,193.43
02/23/2015,193.73,1497711,193.49,193.73,193.03
02/20/2015,193.78,1373953,192.13,193.82,191.4498
02/19/2015,192.61,1017482,192.09,192.97,191.89
02/18/2015,192.74,1862895,192.28,192.78,192.00
02/17/2015,192.70,1700198,192.07,192.88,191.79
02/13/2015,192.39,1072930,191.72,192.44,191.46
02/12/2015,191.55,2008458,190.70,191.65,190.47
02/11/2015,189.79,1743891,189.51,190.23,188.78
02/10/2015,189.66,1797505,188.82,189.93,187.846
02/09/2015,187.66,2289295,187.81,188.59,187.22
02/06/2015,188.52,1454683,189.49,190.05,187.94
02/05/2015,189.05,1033759,187.89,189.19,187.85
02/04/2015,187.15,1861200,187.03,188.35,186.65
02/03/2015,187.79,1434861,186.13,187.86,185.79
02/02/2015,185.09,3397819,183.50,185.26,181.47
01/30/2015,182.99,2301631,183.96,185.3799,182.63
01/29/2015,185.27,4338151,183.74,185.5299,182.21
01/28/2015,183.49,2529352,187.27,187.32,183.35
01/27/2015,185.9401,1978793,186.14,187.18,185.02
01/26/2015,188.41,2017979,187.79,188.51,186.933
01/23/2015,188.04,3109762,188.72,189.02,187.79
01/22/2015,189.08,6074358,187.09,189.15,185.5966
01/21/2015,186.23,1586199,184.77,186.74,184.30
01/20/2015,185.26,1637624,185.62,185.90,183.58
01/16/2015,184.80,1472696,182.31,185.08,182.0868
01/15/2015,182.54,1940631,184.88,185.25,182.40
01/14/2015,184.26,5216290,183.10,184.399,182.11
01/13/2015,185.35,2158173,187.22,188.41,183.90
01/12/2015,185.84,1847548,187.46,187.60,185.19
01/09/2015,187.23,2525225,189.30,189.34,186.65
01/08/2015,188.82,1739839,187.13,189.051,187.07
01/07/2015,185.56,2305552,184.73,185.91,184.23
01/06/2015,183.27,2245265,185.37,185.88,182.355
01/05/2015,185.09,2734687,187.26,187.41,184.66
01/02/2015,188.40,1864986,189.29,189.72,187.26
12/31/2014,188.40,1365995,190.75,190.91,188.38
12/30/2014,190.38,3224300,190.95,191.09,190.30
12/29/2014,191.42,877887,190.97,191.634,190.90
12/26/2014,191.15,650339,191.06,191.519,190.991
12/24/2014,190.53,952729,190.81,191.05,190.50
12/23/2014,190.55,1926779,190.94,190.97,190.30
12/22/2014,190.26,3005770,189.57,190.26,189.3447
12/19/2014,189.42,1800775,189.29,190.127,188.59
12/18/2014,188.55,3819904,186.74,188.58,185.997
12/17/2014,185.18,5588599,181.97,185.55,181.8399
12/16/2014,181.52,3836873,182.10,185.54,181.44
12/15/2014,182.93,2801386,185.26,185.72,182.2701
12/12/2014,184.21,2613839,186.00,186.90,184.17
12/11/2014,187.25,1972412,186.98,189.068,186.81
12/10/2014,186.3799,1749468,188.86,188.8628,186.10
12/09/2014,189.35,1762968,187.43,189.47,186.98
12/08/2014,189.50,1527709,190.35,190.83,188.85
12/05/2014,190.80,2215881,190.65,191.1874,190.35
12/04/2014,190.46,1572620,190.35,190.99,189.57
12/03/2014,190.65,2239774,190.10,190.88,189.97
12/02/2014,189.92,1446793,188.71,190.13,188.71
12/01/2014,188.73,2083641,189.29,189.39,188.36
11/28/2014,190.03,430233,190.30,190.63,189.7567
11/26/2014,190.44,824409,190.10,190.52,189.88
11/25/2014,190.00,1736748,190.34,190.56,189.66
11/24/2014,190.06,1365891,190.02,190.21,189.77
11/21/2014,189.57,1586228,190.43,190.48,188.95
11/20/2014,188.51,866774,187.29,188.642,187.29
11/19/2014,188.17,1880665,188.25,188.48,187.37
11/18/2014,188.51,1252557,187.48,188.82,187.48
11/17/2014,187.43,584606,186.93,187.59,186.76
11/14/2014,187.33,1464547,187.19,187.53,186.85
11/13/2014,187.26,1163579,187.24,187.84,186.38
11/12/2014,187.09,2742896,186.49,187.28,186.46
11/11/2014,187.24,1031615,187.14,187.34,186.78
11/10/2014,187.06,1876280,186.48,187.1014,186.27
11/07/2014,186.50,1396405,186.34,186.68,185.80
11/06/2014,186.34,1758537,185.57,186.38,184.90
11/05/2014,185.59,1826531,185.74,185.78,184.74
11/04/2014,184.38,1639422,184.56,184.85,183.45
